USE e_commerce_database;

-------------------------------------------------------------
--------- INSERT CUSTOMER------------------------------------
-------------------------------------------------------------

INSERT INTO Customer(CustomerId,FirstName,LastName,DOB,Gender,PhoneId,EmailId) VALUES (3000,'Lucius','McKinty','1995-11-29','Male','948-942-9785','lmckinty0@instagram.com');
INSERT INTO Customer(CustomerId,FirstName,LastName,DOB,Gender,PhoneId,EmailId) VALUES (3003,'Selie','Rabidge','2002-10-17','Female','912-243-3632','srabidge1@etsy.com');
INSERT INTO Customer(CustomerId,FirstName,LastName,DOB,Gender,PhoneId,EmailId) VALUES (3006,'Nelly','Brandsma','1986-12-05','Female','284-583-4302','nbrandsma2@histats.com');
INSERT INTO Customer(CustomerId,FirstName,LastName,DOB,Gender,PhoneId,EmailId) VALUES (3009,'Alis','Wash','1971-05-31','Female','309-486-3045','awash3@cornell.edu');
INSERT INTO Customer(CustomerId,FirstName,LastName,DOB,Gender,PhoneId,EmailId) VALUES (3012,'Carline','Merrick','1993-01-15','Female','636-248-9056','cmerrick4@photobucket.com');
INSERT INTO Customer(CustomerId,FirstName,LastName,DOB,Gender,PhoneId,EmailId) VALUES (3015,'Francisca','Giovannoni','1998-01-31','Female','193-837-2569','fgiovannoni5@bloomberg.com');
INSERT INTO Customer(CustomerId,FirstName,LastName,DOB,Gender,PhoneId,EmailId) VALUES (3018,'Timofei','Menaul','1983-08-08','Male','413-995-7323','tmenaul6@symantec.com');
INSERT INTO Customer(CustomerId,FirstName,LastName,DOB,Gender,PhoneId,EmailId) VALUES (3021,'Aurilia','Willowby','1994-01-13','Female','288-192-8921','awillowby7@google.com');
INSERT INTO Customer(CustomerId,FirstName,LastName,DOB,Gender,PhoneId,EmailId) VALUES (3024,'Earle','Folca','1986-09-15','Male','814-798-5362','efolca8@hud.gov');
INSERT INTO Customer(CustomerId,FirstName,LastName,DOB,Gender,PhoneId,EmailId) VALUES (3027,'Gus','Mangeney','1996-07-29','Female','580-462-8301','gmangeney9@apache.org');
INSERT INTO Customer(CustomerId,FirstName,LastName,DOB,Gender,PhoneId,EmailId) VALUES (3030,'Filide','Redley','1977-03-06','Female','514-201-3745','fredleya@mysql.com');
INSERT INTO Customer(CustomerId,FirstName,LastName,DOB,Gender,PhoneId,EmailId) VALUES (3033,'Melamie','Sommerlie','1983-07-28','Female','732-337-8200','msommerlieb@nature.com');
INSERT INTO Customer(CustomerId,FirstName,LastName,DOB,Gender,PhoneId,EmailId) VALUES (3036,'Sabra','Gathercole','1994-09-26','Female','141-997-3562','sgathercolec@xinhuanet.com');
INSERT INTO Customer(CustomerId,FirstName,LastName,DOB,Gender,PhoneId,EmailId) VALUES (3039,'Tilda','MacCaig','2002-10-25','Female','136-801-8746','tmaccaigd@spotify.com');
INSERT INTO Customer(CustomerId,FirstName,LastName,DOB,Gender,PhoneId,EmailId) VALUES (3042,'Garth','Colmer','2000-12-09','Male','528-572-4283','gcolmere@pcworld.com');
INSERT INTO Customer(CustomerId,FirstName,LastName,DOB,Gender,PhoneId,EmailId) VALUES (3045,'Cal','Sabater','1978-07-04','Male','610-613-7495','csabaterf@example.com');
INSERT INTO Customer(CustomerId,FirstName,LastName,DOB,Gender,PhoneId,EmailId) VALUES (3048,'Brandi','Le Merchant','1985-07-04','Female','963-482-1910','blemerchantg@gravatar.com');
INSERT INTO Customer(CustomerId,FirstName,LastName,DOB,Gender,PhoneId,EmailId) VALUES (3051,'Nevin','Pounsett','1995-04-23','Male','258-880-2858','npounsetth@boston.com');
INSERT INTO Customer(CustomerId,FirstName,LastName,DOB,Gender,PhoneId,EmailId) VALUES (3054,'Lloyd','Rickert','1973-07-22','Male','680-976-4284','lrickerti@java.com');
INSERT INTO Customer(CustomerId,FirstName,LastName,DOB,Gender,PhoneId,EmailId) VALUES (3057,'Michal','Blythin','1970-08-16','Female','113-774-7187','mblythinj@livejournal.com');
INSERT INTO Customer(CustomerId,FirstName,LastName,DOB,Gender,PhoneId,EmailId) VALUES (3060,'Annelise','Matusovsky','1982-01-19','Female','940-458-3551','amatusovskyk@chicagotribune.com');
INSERT INTO Customer(CustomerId,FirstName,LastName,DOB,Gender,PhoneId,EmailId) VALUES (3063,'Cindee','de Verson','1974-03-20','Female','575-188-9660','cdeversonl@comcast.net');
INSERT INTO Customer(CustomerId,FirstName,LastName,DOB,Gender,PhoneId,EmailId) VALUES (3066,'Melisent','Pantecost','1974-09-21','Female','485-857-0008','mpantecostm@dagondesign.com');
INSERT INTO Customer(CustomerId,FirstName,LastName,DOB,Gender,PhoneId,EmailId) VALUES (3069,'Ody','Mallatratt','1990-03-08','Male','299-444-3597','omallatrattn@bloomberg.com');
INSERT INTO Customer(CustomerId,FirstName,LastName,DOB,Gender,PhoneId,EmailId) VALUES (3072,'Shelia','Khristyukhin','1989-05-23','Female','777-511-2411','skhristyukhino@stanford.edu');
INSERT INTO Customer(CustomerId,FirstName,LastName,DOB,Gender,PhoneId,EmailId) VALUES (3075,'Frankie','Hassen','1973-06-17','Female','909-350-9336','fhassenp@tuttocitta.it');
INSERT INTO Customer(CustomerId,FirstName,LastName,DOB,Gender,PhoneId,EmailId) VALUES (3078,'Therese','Albers','1980-09-05','Female','487-102-5807','talbersq@facebook.com');
INSERT INTO Customer(CustomerId,FirstName,LastName,DOB,Gender,PhoneId,EmailId) VALUES (3081,'Dorian','De Pietri','1998-12-11','Female','841-573-4436','ddepietrir@rakuten.co.jp');
INSERT INTO Customer(CustomerId,FirstName,LastName,DOB,Gender,PhoneId,EmailId) VALUES (3084,'Regan','Brabyn','1973-03-24','Male','636-450-9467','rbrabyns@google.ca');
INSERT INTO Customer(CustomerId,FirstName,LastName,DOB,Gender,PhoneId,EmailId) VALUES (3087,'Claiborn','Milroy','1997-12-20','Male','159-200-7818','cmilroyt@yahoo.co.jp');
INSERT INTO Customer(CustomerId,FirstName,LastName,DOB,Gender,PhoneId,EmailId) VALUES (3090,'Doloritas','Vidgen','1985-06-12','Female','568-892-6486','dvidgenu@tuttocitta.it');
INSERT INTO Customer(CustomerId,FirstName,LastName,DOB,Gender,PhoneId,EmailId) VALUES (3093,'Philippine','Fawdrey','1989-02-23','Female','400-439-6934','pfawdreyv@ftc.gov');
INSERT INTO Customer(CustomerId,FirstName,LastName,DOB,Gender,PhoneId,EmailId) VALUES (3096,'Myrtia','Fortey','1974-08-21','Female','773-374-6446','mforteyw@hexun.com');
INSERT INTO Customer(CustomerId,FirstName,LastName,DOB,Gender,PhoneId,EmailId) VALUES (3099,'Bryn','Banaszkiewicz','1997-12-13','Female','560-456-1010','bbanaszkiewiczx@studiopress.com');
INSERT INTO Customer(CustomerId,FirstName,LastName,DOB,Gender,PhoneId,EmailId) VALUES (3102,'Kaitlyn','Ellif','1997-11-17','Female','876-722-3470','kellify@shop-pro.jp');
INSERT INTO Customer(CustomerId,FirstName,LastName,DOB,Gender,PhoneId,EmailId) VALUES (3105,'Marguerite','Flowith','1999-12-15','Female','893-248-8386','mflowithz@addtoany.com');
INSERT INTO Customer(CustomerId,FirstName,LastName,DOB,Gender,PhoneId,EmailId) VALUES (3108,'Rab','Braganca','1989-06-26','Male','782-329-2678','rbraganca10@posterous.com');
INSERT INTO Customer(CustomerId,FirstName,LastName,DOB,Gender,PhoneId,EmailId) VALUES (3111,'Julina','Strathearn','1997-02-12','Female','690-519-5163','jstrathearn11@shareasale.com');
INSERT INTO Customer(CustomerId,FirstName,LastName,DOB,Gender,PhoneId,EmailId) VALUES (3114,'Sophi','Welfare','2004-11-02','Female','526-540-5895','swelfare12@furl.net');
INSERT INTO Customer(CustomerId,FirstName,LastName,DOB,Gender,PhoneId,EmailId) VALUES (3117,'Dmitri','Anten','1977-11-11','Male','247-365-6706','danten13@webmd.com');
INSERT INTO Customer(CustomerId,FirstName,LastName,DOB,Gender,PhoneId,EmailId) VALUES (3120,'Ellwood','Simpkin','1999-07-11','Male','929-114-1393','esimpkin14@smugmug.com');
INSERT INTO Customer(CustomerId,FirstName,LastName,DOB,Gender,PhoneId,EmailId) VALUES (3123,'Daniele','Center','2001-02-23','Female','240-900-2515','dcenter15@addtoany.com');
INSERT INTO Customer(CustomerId,FirstName,LastName,DOB,Gender,PhoneId,EmailId) VALUES (3126,'Ware','Bambrick','1989-10-22','Male','369-456-8704','wbambrick16@upenn.edu');
INSERT INTO Customer(CustomerId,FirstName,LastName,DOB,Gender,PhoneId,EmailId) VALUES (3129,'Frederica','Lissandrini','1990-04-30','Female','645-226-0368','flissandrini17@msu.edu');
INSERT INTO Customer(CustomerId,FirstName,LastName,DOB,Gender,PhoneId,EmailId) VALUES (3132,'Jacky','Carlett','1986-05-23','Female','209-606-3648','jcarlett18@chronoengine.com');
INSERT INTO Customer(CustomerId,FirstName,LastName,DOB,Gender,PhoneId,EmailId) VALUES (3135,'Gus','Fesby','1972-06-06','Male','954-876-3494','gfesby19@dmoz.org');
INSERT INTO Customer(CustomerId,FirstName,LastName,DOB,Gender,PhoneId,EmailId) VALUES (3138,'Erinna','Stenner','1982-07-30','Female','573-804-8907','estenner1a@multiply.com');
INSERT INTO Customer(CustomerId,FirstName,LastName,DOB,Gender,PhoneId,EmailId) VALUES (3141,'Chaddie','Kobiela','1978-04-26','Male','424-148-3067','ckobiela1b@google.ru');
INSERT INTO Customer(CustomerId,FirstName,LastName,DOB,Gender,PhoneId,EmailId) VALUES (3144,'Robinett','Hune','1996-04-06','Female','279-205-7769','rhune1c@upenn.edu');
INSERT INTO Customer(CustomerId,FirstName,LastName,DOB,Gender,PhoneId,EmailId) VALUES (3147,'Raff','Shipston','1971-01-04','Male','168-636-7226','rshipston1d@behance.net');
INSERT INTO Customer(CustomerId,FirstName,LastName,DOB,Gender,PhoneId,EmailId) VALUES (3150,'Kenn','Genders','1986-06-25','Male','311-677-6271','kgenders1e@wikipedia.org');
INSERT INTO Customer(CustomerId,FirstName,LastName,DOB,Gender,PhoneId,EmailId) VALUES (3153,'Celle','Sellar','1991-09-14','Female','884-656-5008','csellar1f@de.vu');
INSERT INTO Customer(CustomerId,FirstName,LastName,DOB,Gender,PhoneId,EmailId) VALUES (3156,'Florry','Rignoldes','1970-08-27','Female','431-392-2723','frignoldes1g@goodreads.com');
INSERT INTO Customer(CustomerId,FirstName,LastName,DOB,Gender,PhoneId,EmailId) VALUES (3159,'Neron','Karolczyk','1991-12-08','Male','928-629-2707','nkarolczyk1h@geocities.com');
INSERT INTO Customer(CustomerId,FirstName,LastName,DOB,Gender,PhoneId,EmailId) VALUES (3162,'Linette','Wyse','1977-10-20','Female','587-877-3852','lwyse1i@xinhuanet.com');
INSERT INTO Customer(CustomerId,FirstName,LastName,DOB,Gender,PhoneId,EmailId) VALUES (3165,'Zollie','Wattisham','1976-03-23','Male','661-715-9222','zwattisham1j@tmall.com');
INSERT INTO Customer(CustomerId,FirstName,LastName,DOB,Gender,PhoneId,EmailId) VALUES (3168,'Angy','Luis','1995-03-23','Female','163-970-0617','aluis1k@addtoany.com');
INSERT INTO Customer(CustomerId,FirstName,LastName,DOB,Gender,PhoneId,EmailId) VALUES (3171,'York','Lothean','1993-05-21','Male','760-535-5441','ylothean1l@drupal.org');
INSERT INTO Customer(CustomerId,FirstName,LastName,DOB,Gender,PhoneId,EmailId) VALUES (3174,'Roxanne','Luckin','1978-09-29','Female','414-361-1120','rluckin1m@unblog.fr');
INSERT INTO Customer(CustomerId,FirstName,LastName,DOB,Gender,PhoneId,EmailId) VALUES (3177,'Dorey','Cleverley','1978-10-23','Male','430-262-3980','dcleverley1n@naver.com');
INSERT INTO Customer(CustomerId,FirstName,LastName,DOB,Gender,PhoneId,EmailId) VALUES (3180,'Gussy','Bottrill','2001-11-24','Female','999-212-6556','gbottrill1o@cdc.gov');
INSERT INTO Customer(CustomerId,FirstName,LastName,DOB,Gender,PhoneId,EmailId) VALUES (3183,'Shannan','Cowdrey','1990-10-06','Male','590-332-5157','scowdrey1p@globo.com');
INSERT INTO Customer(CustomerId,FirstName,LastName,DOB,Gender,PhoneId,EmailId) VALUES (3186,'Denys','Fritche','1982-12-16','Male','694-147-8367','dfritche1q@tiny.cc');
INSERT INTO Customer(CustomerId,FirstName,LastName,DOB,Gender,PhoneId,EmailId) VALUES (3189,'Gannon','Gornar','1980-11-08','Male','286-947-8444','ggornar1r@clickbank.net');
INSERT INTO Customer(CustomerId,FirstName,LastName,DOB,Gender,PhoneId,EmailId) VALUES (3192,'Ginnifer','Ausello','2001-08-07','Female','889-162-3588','gausello1s@ameblo.jp');
INSERT INTO Customer(CustomerId,FirstName,LastName,DOB,Gender,PhoneId,EmailId) VALUES (3195,'Yankee','Ingerith','1979-05-21','Male','381-289-8662','yingerith1t@linkedin.com');
INSERT INTO Customer(CustomerId,FirstName,LastName,DOB,Gender,PhoneId,EmailId) VALUES (3198,'Hercules','Andrewartha','1993-11-02','Male','202-966-3014','handrewartha1u@taobao.com');
INSERT INTO Customer(CustomerId,FirstName,LastName,DOB,Gender,PhoneId,EmailId) VALUES (3201,'Dave','Kightly','1970-11-14','Male','727-549-4447','dkightly1v@icio.us');
INSERT INTO Customer(CustomerId,FirstName,LastName,DOB,Gender,PhoneId,EmailId) VALUES (3204,'Stacee','Hutcheons','1991-07-03','Female','668-531-3626','shutcheons1w@wikia.com');
INSERT INTO Customer(CustomerId,FirstName,LastName,DOB,Gender,PhoneId,EmailId) VALUES (3207,'Lanny','Bodycomb','1989-06-24','Male','992-991-4246','lbodycomb1x@lycos.com');
INSERT INTO Customer(CustomerId,FirstName,LastName,DOB,Gender,PhoneId,EmailId) VALUES (3210,'Alaster','Grimsdale','1981-07-03','Male','604-376-1180','agrimsdale1y@ft.com');
INSERT INTO Customer(CustomerId,FirstName,LastName,DOB,Gender,PhoneId,EmailId) VALUES (3213,'Donnamarie','Findlow','1996-11-15','Female','598-694-4419','dfindlow1z@vinaora.com');
INSERT INTO Customer(CustomerId,FirstName,LastName,DOB,Gender,PhoneId,EmailId) VALUES (3216,'Friedrick','Kamien','1975-06-03','Male','986-308-9467','fkamien20@abc.net.au');
INSERT INTO Customer(CustomerId,FirstName,LastName,DOB,Gender,PhoneId,EmailId) VALUES (3219,'Nichole','Stilwell','1996-02-11','Male','524-312-6704','nstilwell21@biglobe.ne.jp');
INSERT INTO Customer(CustomerId,FirstName,LastName,DOB,Gender,PhoneId,EmailId) VALUES (3222,'Jarid','Ceyssen','1986-09-10','Male','850-601-9762','jceyssen22@dailymail.co.uk');
INSERT INTO Customer(CustomerId,FirstName,LastName,DOB,Gender,PhoneId,EmailId) VALUES (3225,'Ricard','Lochead','1974-05-27','Male','574-846-7252','rlochead23@e-recht24.de');
INSERT INTO Customer(CustomerId,FirstName,LastName,DOB,Gender,PhoneId,EmailId) VALUES (3228,'Teddie','Sparrowhawk','1999-01-22','Male','986-215-3087','tsparrowhawk24@photobucket.com');
INSERT INTO Customer(CustomerId,FirstName,LastName,DOB,Gender,PhoneId,EmailId) VALUES (3231,'Petronella','Tabourin','1970-12-17','Female','192-846-9710','ptabourin25@redcross.org');
INSERT INTO Customer(CustomerId,FirstName,LastName,DOB,Gender,PhoneId,EmailId) VALUES (3234,'Zolly','Mensler','1977-09-02','Male','151-391-6298','zmensler26@printfriendly.com');
INSERT INTO Customer(CustomerId,FirstName,LastName,DOB,Gender,PhoneId,EmailId) VALUES (3237,'Annmarie','Tookey','2003-03-07','Female','729-473-4435','atookey27@sun.com');
INSERT INTO Customer(CustomerId,FirstName,LastName,DOB,Gender,PhoneId,EmailId) VALUES (3240,'Nerissa','Tunaclift','1990-03-18','Female','309-338-2303','ntunaclift28@ning.com');
INSERT INTO Customer(CustomerId,FirstName,LastName,DOB,Gender,PhoneId,EmailId) VALUES (3243,'Caril','Zecchetti','2001-05-17','Female','757-217-1187','czecchetti29@ucoz.ru');
INSERT INTO Customer(CustomerId,FirstName,LastName,DOB,Gender,PhoneId,EmailId) VALUES (3246,'Domingo','Lightewood','1985-09-26','Male','541-690-9634','dlightewood2a@clickbank.net');
INSERT INTO Customer(CustomerId,FirstName,LastName,DOB,Gender,PhoneId,EmailId) VALUES (3249,'Stacie','McWhin','1998-12-09','Female','739-471-2139','smcwhin2b@gmpg.org');
INSERT INTO Customer(CustomerId,FirstName,LastName,DOB,Gender,PhoneId,EmailId) VALUES (3252,'Ade','Fitzjohn','1973-03-09','Male','868-816-0738','afitzjohn2c@cdbaby.com');
INSERT INTO Customer(CustomerId,FirstName,LastName,DOB,Gender,PhoneId,EmailId) VALUES (3255,'Ailene','McKerley','1988-08-22','Female','662-982-0847','amckerley2d@livejournal.com');
INSERT INTO Customer(CustomerId,FirstName,LastName,DOB,Gender,PhoneId,EmailId) VALUES (3258,'Debbie','Trangmar','1973-06-20','Female','925-136-1329','dtrangmar2e@webmd.com');
INSERT INTO Customer(CustomerId,FirstName,LastName,DOB,Gender,PhoneId,EmailId) VALUES (3261,'Simone','Lauchlan','1985-05-07','Female','203-604-8985','slauchlan2f@wunderground.com');
INSERT INTO Customer(CustomerId,FirstName,LastName,DOB,Gender,PhoneId,EmailId) VALUES (3264,'Archibald','Paulich','1990-10-14','Male','122-601-1697','apaulich2g@upenn.edu');
INSERT INTO Customer(CustomerId,FirstName,LastName,DOB,Gender,PhoneId,EmailId) VALUES (3267,'Farlee','Beardow','1999-01-16','Male','936-913-6446','fbeardow2h@unicef.org');
INSERT INTO Customer(CustomerId,FirstName,LastName,DOB,Gender,PhoneId,EmailId) VALUES (3270,'Joycelin','Peter','1971-03-01','Female','151-589-7161','jpeter2i@goo.ne.jp');
INSERT INTO Customer(CustomerId,FirstName,LastName,DOB,Gender,PhoneId,EmailId) VALUES (3273,'Codi','De Simoni','1994-08-15','Male','426-705-3194','cdesimoni2j@acquirethisname.com');
INSERT INTO Customer(CustomerId,FirstName,LastName,DOB,Gender,PhoneId,EmailId) VALUES (3276,'Claudio','Whawell','1999-07-25','Male','924-582-0094','cwhawell2k@prlog.org');
INSERT INTO Customer(CustomerId,FirstName,LastName,DOB,Gender,PhoneId,EmailId) VALUES (3279,'Kyrstin','Behnecken','1978-12-17','Female','389-583-6029','kbehnecken2l@123-reg.co.uk');
INSERT INTO Customer(CustomerId,FirstName,LastName,DOB,Gender,PhoneId,EmailId) VALUES (3282,'Robbi','Alenichev','1986-04-07','Female','726-579-5687','ralenichev2m@un.org');
INSERT INTO Customer(CustomerId,FirstName,LastName,DOB,Gender,PhoneId,EmailId) VALUES (3285,'Walton','Richens','1985-08-22','Male','299-225-9348','wrichens2n@jimdo.com');
INSERT INTO Customer(CustomerId,FirstName,LastName,DOB,Gender,PhoneId,EmailId) VALUES (3288,'Frants','Ranklin','1984-03-11','Male','169-464-4419','franklin2o@prnewswire.com');
INSERT INTO Customer(CustomerId,FirstName,LastName,DOB,Gender,PhoneId,EmailId) VALUES (3291,'Tannie','Shillan','1980-12-06','Male','567-335-7658','tshillan2p@blinklist.com');
INSERT INTO Customer(CustomerId,FirstName,LastName,DOB,Gender,PhoneId,EmailId) VALUES (3294,'Devin','Venners','1995-07-25','Male','676-809-7240','dvenners2q@devhub.com');
INSERT INTO Customer(CustomerId,FirstName,LastName,DOB,Gender,PhoneId,EmailId) VALUES (3297,'Mart','Daniellot','1989-01-21','Male','913-683-4341','mdaniellot2r@rambler.ru');
INSERT INTO Customer(CustomerId,FirstName,LastName,DOB,Gender,PhoneId,EmailId) VALUES (3300,'Kalvin','Ber','2002-07-19','Male','157-112-2966','kber2s@noaa.gov');

SELECT * FROM Customer

-----------------------------------------------------------------------------------

INSERT INTO Address(AddressId,Line1,Line2,City,State,Zip,Country) VALUES (1,'Pennsylvania',3579,'Los Angeles','California',90040,'United States');
INSERT INTO Address(AddressId,Line1,Line2,City,State,Zip,Country) VALUES (2,'Vermont',3,'Baltimore','Maryland',21203,'United States');
INSERT INTO Address(AddressId,Line1,Line2,City,State,Zip,Country) VALUES (3,'Susan',25049,'Salt Lake City','Utah',84125,'United States');
INSERT INTO Address(AddressId,Line1,Line2,City,State,Zip,Country) VALUES (4,'Arapahoe',62039,'Albany','Georgia',31704,'United States');
INSERT INTO Address(AddressId,Line1,Line2,City,State,Zip,Country) VALUES (5,'Sunfield',4043,'Seattle','Washington',98127,'United States');
INSERT INTO Address(AddressId,Line1,Line2,City,State,Zip,Country) VALUES (6,'Pennsylvania',45,'Marietta','Georgia',30066,'United States');
INSERT INTO Address(AddressId,Line1,Line2,City,State,Zip,Country) VALUES (7,'Packers',53879,'Gainesville','Florida',32627,'United States');
INSERT INTO Address(AddressId,Line1,Line2,City,State,Zip,Country) VALUES (8,'Meadow Ridge',10063,'Los Angeles','California',90065,'United States');
INSERT INTO Address(AddressId,Line1,Line2,City,State,Zip,Country) VALUES (9,'Starling',3644,'Springfield','Missouri',65805,'United States');
INSERT INTO Address(AddressId,Line1,Line2,City,State,Zip,Country) VALUES (10,'Waubesa',4,'Nashville','Tennessee',37220,'United States');
INSERT INTO Address(AddressId,Line1,Line2,City,State,Zip,Country) VALUES (11,'Glendale',6016,'Jersey City','New Jersey',7310,'United States');
INSERT INTO Address(AddressId,Line1,Line2,City,State,Zip,Country) VALUES (12,'Everett',3,'New York City','New York',10249,'United States');
INSERT INTO Address(AddressId,Line1,Line2,City,State,Zip,Country) VALUES (13,'Forest Run',113,'Elizabeth','New Jersey',7208,'United States');
INSERT INTO Address(AddressId,Line1,Line2,City,State,Zip,Country) VALUES (14,'Washington',2265,'New York City','New York',10270,'United States');
INSERT INTO Address(AddressId,Line1,Line2,City,State,Zip,Country) VALUES (15,'Cambridge',951,'Lexington','Kentucky',40546,'United States');
INSERT INTO Address(AddressId,Line1,Line2,City,State,Zip,Country) VALUES (16,'Old Shore',5294,'Reading','Pennsylvania',19610,'United States');
INSERT INTO Address(AddressId,Line1,Line2,City,State,Zip,Country) VALUES (17,'Reindahl',2,'Evansville','Indiana',47737,'United States');
INSERT INTO Address(AddressId,Line1,Line2,City,State,Zip,Country) VALUES (18,'Ronald Regan',268,'Atlanta','Georgia',31106,'United States');
INSERT INTO Address(AddressId,Line1,Line2,City,State,Zip,Country) VALUES (19,'Center',156,'Amarillo','Texas',79159,'United States');
INSERT INTO Address(AddressId,Line1,Line2,City,State,Zip,Country) VALUES (20,'Hazelcrest',379,'Long Beach','California',90831,'United States');
INSERT INTO Address(AddressId,Line1,Line2,City,State,Zip,Country) VALUES (21,'Di Loreto',25685,'Denver','Colorado',80241,'United States');
INSERT INTO Address(AddressId,Line1,Line2,City,State,Zip,Country) VALUES (22,'Saint Paul',9357,'Houston','Texas',77040,'United States');
INSERT INTO Address(AddressId,Line1,Line2,City,State,Zip,Country) VALUES (23,'Northview',106,'Dallas','Texas',75265,'United States');
INSERT INTO Address(AddressId,Line1,Line2,City,State,Zip,Country) VALUES (24,'Dwight',4432,'Shreveport','Louisiana',71161,'United States');
INSERT INTO Address(AddressId,Line1,Line2,City,State,Zip,Country) VALUES (25,'Cottonwood',36,'Racine','Wisconsin',53405,'United States');
INSERT INTO Address(AddressId,Line1,Line2,City,State,Zip,Country) VALUES (26,'Troy',6030,'Mount Vernon','New York',10557,'United States');
INSERT INTO Address(AddressId,Line1,Line2,City,State,Zip,Country) VALUES (27,'Rockefeller',10534,'Miami','Florida',33147,'United States');
INSERT INTO Address(AddressId,Line1,Line2,City,State,Zip,Country) VALUES (28,'Alpine',3820,'Miami','Florida',33134,'United States');
INSERT INTO Address(AddressId,Line1,Line2,City,State,Zip,Country) VALUES (29,'Bluejay',38,'Rochester','Minnesota',55905,'United States');
INSERT INTO Address(AddressId,Line1,Line2,City,State,Zip,Country) VALUES (30,'Sloan',788,'Austin','Texas',78789,'United States');
INSERT INTO Address(AddressId,Line1,Line2,City,State,Zip,Country) VALUES (31,'Novick',2378,'Carson City','Nevada',89706,'United States');
INSERT INTO Address(AddressId,Line1,Line2,City,State,Zip,Country) VALUES (32,'Glendale',66893,'Kansas City','Kansas',66160,'United States');
INSERT INTO Address(AddressId,Line1,Line2,City,State,Zip,Country) VALUES (33,'International',45680,'Sarasota','Florida',34276,'United States');
INSERT INTO Address(AddressId,Line1,Line2,City,State,Zip,Country) VALUES (34,'Alpine',23861,'Boston','Massachusetts',2114,'United States');
INSERT INTO Address(AddressId,Line1,Line2,City,State,Zip,Country) VALUES (35,'Upham',63672,'Harrisburg','Pennsylvania',17105,'United States');
INSERT INTO Address(AddressId,Line1,Line2,City,State,Zip,Country) VALUES (36,'Bay',10,'New York City','New York',10079,'United States');
INSERT INTO Address(AddressId,Line1,Line2,City,State,Zip,Country) VALUES (37,'Clyde Gallagher',35,'Springfield','Virginia',22156,'United States');
INSERT INTO Address(AddressId,Line1,Line2,City,State,Zip,Country) VALUES (38,'Judy',79072,'Baltimore','Maryland',21281,'United States');
INSERT INTO Address(AddressId,Line1,Line2,City,State,Zip,Country) VALUES (39,'Kingsford',79820,'Pasadena','California',91103,'United States');
INSERT INTO Address(AddressId,Line1,Line2,City,State,Zip,Country) VALUES (40,'Lotheville',7562,'Philadelphia','Pennsylvania',19184,'United States');
INSERT INTO Address(AddressId,Line1,Line2,City,State,Zip,Country) VALUES (41,'Brown',55,'Charleston','West Virginia',25336,'United States');
INSERT INTO Address(AddressId,Line1,Line2,City,State,Zip,Country) VALUES (42,'Glendale',4,'North Hollywood','California',91616,'United States');
INSERT INTO Address(AddressId,Line1,Line2,City,State,Zip,Country) VALUES (43,'Leroy',34,'Flushing','New York',11388,'United States');
INSERT INTO Address(AddressId,Line1,Line2,City,State,Zip,Country) VALUES (44,'Clove',478,'Waterbury','Connecticut',6705,'United States');
INSERT INTO Address(AddressId,Line1,Line2,City,State,Zip,Country) VALUES (45,'Waywood',97763,'Washington','District of Columbia',20520,'United States');
INSERT INTO Address(AddressId,Line1,Line2,City,State,Zip,Country) VALUES (46,'Vermont',41311,'Long Beach','California',90831,'United States');
INSERT INTO Address(AddressId,Line1,Line2,City,State,Zip,Country) VALUES (47,'Rowland',693,'Phoenix','Arizona',85053,'United States');
INSERT INTO Address(AddressId,Line1,Line2,City,State,Zip,Country) VALUES (48,'Cody',1622,'Inglewood','California',90398,'United States');
INSERT INTO Address(AddressId,Line1,Line2,City,State,Zip,Country) VALUES (49,'Hazelcrest',6,'Lincoln','Nebraska',68510,'United States');
INSERT INTO Address(AddressId,Line1,Line2,City,State,Zip,Country) VALUES (50,'Russell',19,'North Little Rock','Arkansas',72118,'United States');
INSERT INTO Address(AddressId,Line1,Line2,City,State,Zip,Country) VALUES (51,'Fremont',687,'Huntington','West Virginia',25775,'United States');
INSERT INTO Address(AddressId,Line1,Line2,City,State,Zip,Country) VALUES (52,'Heffernan',3514,'Lancaster','Pennsylvania',17605,'United States');
INSERT INTO Address(AddressId,Line1,Line2,City,State,Zip,Country) VALUES (53,'La Follette',4,'Des Moines','Iowa',50305,'United States');
INSERT INTO Address(AddressId,Line1,Line2,City,State,Zip,Country) VALUES (54,'Maryland',14996,'Washington','District of Columbia',20215,'United States');
INSERT INTO Address(AddressId,Line1,Line2,City,State,Zip,Country) VALUES (55,'American Ash',50054,'North Hollywood','California',91606,'United States');
INSERT INTO Address(AddressId,Line1,Line2,City,State,Zip,Country) VALUES (56,'Granby',33303,'Springfield','Illinois',62764,'United States');
INSERT INTO Address(AddressId,Line1,Line2,City,State,Zip,Country) VALUES (57,'Killdeer',84252,'New Haven','Connecticut',6520,'United States');
INSERT INTO Address(AddressId,Line1,Line2,City,State,Zip,Country) VALUES (58,'Cambridge',51697,'Sarasota','Florida',34233,'United States');
INSERT INTO Address(AddressId,Line1,Line2,City,State,Zip,Country) VALUES (59,'Alpine',1,'Louisville','Kentucky',40280,'United States');
INSERT INTO Address(AddressId,Line1,Line2,City,State,Zip,Country) VALUES (60,'Gale',2301,'San Antonio','Texas',78225,'United States');
INSERT INTO Address(AddressId,Line1,Line2,City,State,Zip,Country) VALUES (61,'Huxley',3826,'Jersey City','New Jersey',7310,'United States');
INSERT INTO Address(AddressId,Line1,Line2,City,State,Zip,Country) VALUES (62,'Shasta',78974,'Kansas City','Missouri',64142,'United States');
INSERT INTO Address(AddressId,Line1,Line2,City,State,Zip,Country) VALUES (63,'Thierer',53,'Saint Petersburg','Florida',33737,'United States');
INSERT INTO Address(AddressId,Line1,Line2,City,State,Zip,Country) VALUES (64,'Maple',2049,'Arlington','Virginia',22212,'United States');
INSERT INTO Address(AddressId,Line1,Line2,City,State,Zip,Country) VALUES (65,'Hazelcrest',0,'Brooklyn','New York',11225,'United States');
INSERT INTO Address(AddressId,Line1,Line2,City,State,Zip,Country) VALUES (66,'Anniversary',4148,'Monticello','Minnesota',55565,'United States');
INSERT INTO Address(AddressId,Line1,Line2,City,State,Zip,Country) VALUES (67,'Grim',68,'Santa Monica','California',90410,'United States');
INSERT INTO Address(AddressId,Line1,Line2,City,State,Zip,Country) VALUES (68,'Thierer',94,'El Paso','Texas',88563,'United States');
INSERT INTO Address(AddressId,Line1,Line2,City,State,Zip,Country) VALUES (69,'Brickson Park',7,'Atlanta','Georgia',31136,'United States');
INSERT INTO Address(AddressId,Line1,Line2,City,State,Zip,Country) VALUES (70,'Heath',80,'Saint Paul','Minnesota',55103,'United States');
INSERT INTO Address(AddressId,Line1,Line2,City,State,Zip,Country) VALUES (71,'Hoard',95741,'Birmingham','Alabama',35279,'United States');
INSERT INTO Address(AddressId,Line1,Line2,City,State,Zip,Country) VALUES (72,'Esker',81007,'Hartford','Connecticut',6120,'United States');
INSERT INTO Address(AddressId,Line1,Line2,City,State,Zip,Country) VALUES (73,'Caliangt',25,'Sterling','Virginia',20167,'United States');
INSERT INTO Address(AddressId,Line1,Line2,City,State,Zip,Country) VALUES (74,'Susan',3,'Colorado Springs','Colorado',80915,'United States');
INSERT INTO Address(AddressId,Line1,Line2,City,State,Zip,Country) VALUES (75,'Brentwood',1496,'Spring Hill','Florida',34611,'United States');
INSERT INTO Address(AddressId,Line1,Line2,City,State,Zip,Country) VALUES (76,'Eliot',9,'Peoria','Arizona',85383,'United States');
INSERT INTO Address(AddressId,Line1,Line2,City,State,Zip,Country) VALUES (77,'Starling',393,'Charlotte','North Carolina',28225,'United States');
INSERT INTO Address(AddressId,Line1,Line2,City,State,Zip,Country) VALUES (78,'Stone Corner',61995,'Orlando','Florida',32891,'United States');
INSERT INTO Address(AddressId,Line1,Line2,City,State,Zip,Country) VALUES (79,'Clove',4,'Nashville','Tennessee',37205,'United States');
INSERT INTO Address(AddressId,Line1,Line2,City,State,Zip,Country) VALUES (80,'Utah',56088,'Las Vegas','Nevada',89160,'United States');
INSERT INTO Address(AddressId,Line1,Line2,City,State,Zip,Country) VALUES (81,'David',6,'Jacksonville','Florida',32244,'United States');
INSERT INTO Address(AddressId,Line1,Line2,City,State,Zip,Country) VALUES (82,'Anthes',77148,'Shreveport','Louisiana',71137,'United States');
INSERT INTO Address(AddressId,Line1,Line2,City,State,Zip,Country) VALUES (83,'Charing Cross',4,'Tacoma','Washington',98464,'United States');
INSERT INTO Address(AddressId,Line1,Line2,City,State,Zip,Country) VALUES (84,'New Castle',146,'Inglewood','California',90398,'United States');
INSERT INTO Address(AddressId,Line1,Line2,City,State,Zip,Country) VALUES (85,'Farwell',9,'Saint Louis','Missouri',63131,'United States');
INSERT INTO Address(AddressId,Line1,Line2,City,State,Zip,Country) VALUES (86,'Donald',3,'Des Moines','Iowa',50393,'United States');
INSERT INTO Address(AddressId,Line1,Line2,City,State,Zip,Country) VALUES (87,'Ludington',94692,'Wichita','Kansas',67230,'United States');
INSERT INTO Address(AddressId,Line1,Line2,City,State,Zip,Country) VALUES (88,'Ridgeview',4,'Dallas','Texas',75310,'United States');
INSERT INTO Address(AddressId,Line1,Line2,City,State,Zip,Country) VALUES (89,'Havey',638,'Fort Myers','Florida',33913,'United States');
INSERT INTO Address(AddressId,Line1,Line2,City,State,Zip,Country) VALUES (90,'Summer Ridge',61,'Spokane','Washington',99210,'United States');
INSERT INTO Address(AddressId,Line1,Line2,City,State,Zip,Country) VALUES (91,'Hayes',220,'Wichita','Kansas',67210,'United States');
INSERT INTO Address(AddressId,Line1,Line2,City,State,Zip,Country) VALUES (92,'La Follette',531,'Fargo','North Dakota',58122,'United States');
INSERT INTO Address(AddressId,Line1,Line2,City,State,Zip,Country) VALUES (93,'Pierstorff',54128,'Buffalo','New York',14210,'United States');
INSERT INTO Address(AddressId,Line1,Line2,City,State,Zip,Country) VALUES (94,'Warner',600,'Sioux Falls','South Dakota',57110,'United States');
INSERT INTO Address(AddressId,Line1,Line2,City,State,Zip,Country) VALUES (95,'Loeprich',79,'Sterling','Virginia',20167,'United States');
INSERT INTO Address(AddressId,Line1,Line2,City,State,Zip,Country) VALUES (96,'Esker',69,'Sarasota','Florida',34238,'United States');
INSERT INTO Address(AddressId,Line1,Line2,City,State,Zip,Country) VALUES (97,'Manitowish',71457,'Miami','Florida',33169,'United States');
INSERT INTO Address(AddressId,Line1,Line2,City,State,Zip,Country) VALUES (98,'Sommers',30,'Tulsa','Oklahoma',74141,'United States');
INSERT INTO Address(AddressId,Line1,Line2,City,State,Zip,Country) VALUES (99,'Coleman',8904,'Anderson','South Carolina',29625,'United States');
INSERT INTO Address(AddressId,Line1,Line2,City,State,Zip,Country) VALUES (100,'Rusk',3075,'Philadelphia','Pennsylvania',19093,'United States');
INSERT INTO Address(AddressId,Line1,Line2,City,State,Zip,Country) VALUES (101,'Nelson',744,'North Hollywood','California',91616,'United States');
INSERT INTO Address(AddressId,Line1,Line2,City,State,Zip,Country) VALUES (102,'Bluejay',347,'Fairfield','Connecticut',6825,'United States');
INSERT INTO Address(AddressId,Line1,Line2,City,State,Zip,Country) VALUES (103,'Golf Course',51651,'Iowa City','Iowa',52245,'United States');
INSERT INTO Address(AddressId,Line1,Line2,City,State,Zip,Country) VALUES (104,'Elgar',4295,'Huntington','West Virginia',25775,'United States');
INSERT INTO Address(AddressId,Line1,Line2,City,State,Zip,Country) VALUES (105,'Northland',7845,'Minneapolis','Minnesota',55448,'United States');
INSERT INTO Address(AddressId,Line1,Line2,City,State,Zip,Country) VALUES (106,'Sunfield',231,'Bellevue','Washington',98008,'United States');
INSERT INTO Address(AddressId,Line1,Line2,City,State,Zip,Country) VALUES (107,'Mayer',6,'Memphis','Tennessee',38197,'United States');
INSERT INTO Address(AddressId,Line1,Line2,City,State,Zip,Country) VALUES (108,'Scofield',7883,'Washington','District of Columbia',20036,'United States');
INSERT INTO Address(AddressId,Line1,Line2,City,State,Zip,Country) VALUES (109,'Vernon',348,'Battle Creek','Michigan',49018,'United States');
INSERT INTO Address(AddressId,Line1,Line2,City,State,Zip,Country) VALUES (110,'Burrows',6473,'North Little Rock','Arkansas',72199,'United States');
INSERT INTO Address(AddressId,Line1,Line2,City,State,Zip,Country) VALUES (111,'Homewood',3,'Fresno','California',93726,'United States');
INSERT INTO Address(AddressId,Line1,Line2,City,State,Zip,Country) VALUES (112,'Sundown',361,'Cincinnati','Ohio',45264,'United States');
INSERT INTO Address(AddressId,Line1,Line2,City,State,Zip,Country) VALUES (113,'Walton',2599,'Charlotte','North Carolina',28220,'United States');
INSERT INTO Address(AddressId,Line1,Line2,City,State,Zip,Country) VALUES (114,'Harbort',4,'Evansville','Indiana',47725,'United States');
INSERT INTO Address(AddressId,Line1,Line2,City,State,Zip,Country) VALUES (115,'Pierstorff',78112,'New York City','New York',10125,'United States');
INSERT INTO Address(AddressId,Line1,Line2,City,State,Zip,Country) VALUES (116,'Parkside',7,'Saginaw','Michigan',48609,'United States');
INSERT INTO Address(AddressId,Line1,Line2,City,State,Zip,Country) VALUES (117,'Memorial',7,'Seattle','Washington',98109,'United States');
INSERT INTO Address(AddressId,Line1,Line2,City,State,Zip,Country) VALUES (118,'Meadow Valley',635,'Amarillo','Texas',79118,'United States');
INSERT INTO Address(AddressId,Line1,Line2,City,State,Zip,Country) VALUES (119,'Hermina',62,'Columbia','South Carolina',29225,'United States');
INSERT INTO Address(AddressId,Line1,Line2,City,State,Zip,Country) VALUES (120,'Gale',53,'Los Angeles','California',90050,'United States');
INSERT INTO Address(AddressId,Line1,Line2,City,State,Zip,Country) VALUES (121,'Killdeer',9770,'Van Nuys','California',91406,'United States');
INSERT INTO Address(AddressId,Line1,Line2,City,State,Zip,Country) VALUES (122,'Marcy',330,'Erie','Pennsylvania',16510,'United States');
INSERT INTO Address(AddressId,Line1,Line2,City,State,Zip,Country) VALUES (123,'Arrowood',893,'Vero Beach','Florida',32969,'United States');
INSERT INTO Address(AddressId,Line1,Line2,City,State,Zip,Country) VALUES (124,'Lake View',1,'Mobile','Alabama',36605,'United States');
INSERT INTO Address(AddressId,Line1,Line2,City,State,Zip,Country) VALUES (125,'Mallory',44178,'Herndon','Virginia',22070,'United States');
INSERT INTO Address(AddressId,Line1,Line2,City,State,Zip,Country) VALUES (126,'7th',5693,'Chicago','Illinois',60691,'United States');
INSERT INTO Address(AddressId,Line1,Line2,City,State,Zip,Country) VALUES (127,'Springs',3993,'Houston','Texas',77065,'United States');
INSERT INTO Address(AddressId,Line1,Line2,City,State,Zip,Country) VALUES (128,'Parkside',19796,'Washington','District of Columbia',20414,'United States');
INSERT INTO Address(AddressId,Line1,Line2,City,State,Zip,Country) VALUES (129,'Green',0,'West Palm Beach','Florida',33405,'United States');
INSERT INTO Address(AddressId,Line1,Line2,City,State,Zip,Country) VALUES (130,'Bayside',780,'Colorado Springs','Colorado',80920,'United States');
INSERT INTO Address(AddressId,Line1,Line2,City,State,Zip,Country) VALUES (131,'Pearson',81469,'Alexandria','Virginia',22313,'United States');
INSERT INTO Address(AddressId,Line1,Line2,City,State,Zip,Country) VALUES (132,'Novick',9681,'Evansville','Indiana',47725,'United States');
INSERT INTO Address(AddressId,Line1,Line2,City,State,Zip,Country) VALUES (133,'Sauthoff',694,'Peoria','Illinois',61635,'United States');
INSERT INTO Address(AddressId,Line1,Line2,City,State,Zip,Country) VALUES (134,'Daystar',497,'Jacksonville','Florida',32204,'United States');
INSERT INTO Address(AddressId,Line1,Line2,City,State,Zip,Country) VALUES (135,'Green',93,'Durham','North Carolina',27705,'United States');
INSERT INTO Address(AddressId,Line1,Line2,City,State,Zip,Country) VALUES (136,'Hoard',208,'San Jose','California',95155,'United States');
INSERT INTO Address(AddressId,Line1,Line2,City,State,Zip,Country) VALUES (137,'Meadow Ridge',31,'Oakland','California',94611,'United States');
INSERT INTO Address(AddressId,Line1,Line2,City,State,Zip,Country) VALUES (138,'Kensington',69,'Miami','Florida',33261,'United States');
INSERT INTO Address(AddressId,Line1,Line2,City,State,Zip,Country) VALUES (139,'Sage',4968,'Washington','District of Columbia',20557,'United States');
INSERT INTO Address(AddressId,Line1,Line2,City,State,Zip,Country) VALUES (140,'International',9,'Pittsburgh','Pennsylvania',15240,'United States');
INSERT INTO Address(AddressId,Line1,Line2,City,State,Zip,Country) VALUES (141,'Lyons',2,'Suffolk','Virginia',23436,'United States');
INSERT INTO Address(AddressId,Line1,Line2,City,State,Zip,Country) VALUES (142,'Fulton',32533,'Macon','Georgia',31217,'United States');
INSERT INTO Address(AddressId,Line1,Line2,City,State,Zip,Country) VALUES (143,'Northwestern',1,'San Jose','California',95150,'United States');
INSERT INTO Address(AddressId,Line1,Line2,City,State,Zip,Country) VALUES (144,'Knutson',199,'San Antonio','Texas',78220,'United States');
INSERT INTO Address(AddressId,Line1,Line2,City,State,Zip,Country) VALUES (145,'Mcguire',7,'Evanston','Illinois',60208,'United States');
INSERT INTO Address(AddressId,Line1,Line2,City,State,Zip,Country) VALUES (146,'Darwin',8,'Minneapolis','Minnesota',55458,'United States');
INSERT INTO Address(AddressId,Line1,Line2,City,State,Zip,Country) VALUES (147,'Oak',56936,'El Paso','Texas',88589,'United States');
INSERT INTO Address(AddressId,Line1,Line2,City,State,Zip,Country) VALUES (148,'Summit',6161,'Salt Lake City','Utah',84125,'United States');
INSERT INTO Address(AddressId,Line1,Line2,City,State,Zip,Country) VALUES (149,'Anthes',80,'North Las Vegas','Nevada',89036,'United States');
INSERT INTO Address(AddressId,Line1,Line2,City,State,Zip,Country) VALUES (150,'Columbus',298,'Las Vegas','Nevada',89120,'United States');
INSERT INTO Address(AddressId,Line1,Line2,City,State,Zip,Country) VALUES (151,'Eagan',552,'Memphis','Tennessee',38119,'United States');
INSERT INTO Address(AddressId,Line1,Line2,City,State,Zip,Country) VALUES (152,'Havey',6,'Charlotte','North Carolina',28205,'United States');
INSERT INTO Address(AddressId,Line1,Line2,City,State,Zip,Country) VALUES (153,'Forest Run',6184,'Davenport','Iowa',52809,'United States');
INSERT INTO Address(AddressId,Line1,Line2,City,State,Zip,Country) VALUES (154,'Porter',25,'Houston','Texas',77020,'United States');
INSERT INTO Address(AddressId,Line1,Line2,City,State,Zip,Country) VALUES (155,'Garrison',68694,'Anchorage','Alaska',99507,'United States');
INSERT INTO Address(AddressId,Line1,Line2,City,State,Zip,Country) VALUES (156,'Bartillon',7194,'Panama City','Florida',32412,'United States');
INSERT INTO Address(AddressId,Line1,Line2,City,State,Zip,Country) VALUES (157,'Thierer',586,'Fresno','California',93704,'United States');
INSERT INTO Address(AddressId,Line1,Line2,City,State,Zip,Country) VALUES (158,'Alpine',70331,'El Paso','Texas',79977,'United States');
INSERT INTO Address(AddressId,Line1,Line2,City,State,Zip,Country) VALUES (159,'Hoffman',36,'Miami','Florida',33283,'United States');
INSERT INTO Address(AddressId,Line1,Line2,City,State,Zip,Country) VALUES (160,'Macpherson',1821,'Washington','District of Columbia',20508,'United States');
INSERT INTO Address(AddressId,Line1,Line2,City,State,Zip,Country) VALUES (161,'Hauk',0,'Grand Rapids','Michigan',49505,'United States');
INSERT INTO Address(AddressId,Line1,Line2,City,State,Zip,Country) VALUES (162,'Johnson',57626,'Indianapolis','Indiana',46278,'United States');
INSERT INTO Address(AddressId,Line1,Line2,City,State,Zip,Country) VALUES (163,'Stone Corner',6763,'Sacramento','California',95823,'United States');
INSERT INTO Address(AddressId,Line1,Line2,City,State,Zip,Country) VALUES (164,'Stone Corner',8167,'El Paso','Texas',79940,'United States');
INSERT INTO Address(AddressId,Line1,Line2,City,State,Zip,Country) VALUES (165,'Grim',434,'Houston','Texas',77005,'United States');
INSERT INTO Address(AddressId,Line1,Line2,City,State,Zip,Country) VALUES (166,'Clarendon',23,'Charleston','West Virginia',25321,'United States');
INSERT INTO Address(AddressId,Line1,Line2,City,State,Zip,Country) VALUES (167,'Waywood',11109,'El Paso','Texas',79950,'United States');
INSERT INTO Address(AddressId,Line1,Line2,City,State,Zip,Country) VALUES (168,'Becker',50,'Camden','New Jersey',8104,'United States');
INSERT INTO Address(AddressId,Line1,Line2,City,State,Zip,Country) VALUES (169,'Jackson',21,'Pittsburgh','Pennsylvania',15250,'United States');
INSERT INTO Address(AddressId,Line1,Line2,City,State,Zip,Country) VALUES (170,'Derek',43,'Paterson','New Jersey',7522,'United States');
INSERT INTO Address(AddressId,Line1,Line2,City,State,Zip,Country) VALUES (171,'Birchwood',9,'El Paso','Texas',79994,'United States');
INSERT INTO Address(AddressId,Line1,Line2,City,State,Zip,Country) VALUES (172,'Riverside',8033,'Lexington','Kentucky',40515,'United States');
INSERT INTO Address(AddressId,Line1,Line2,City,State,Zip,Country) VALUES (173,'Hoepker',5577,'Pueblo','Colorado',81015,'United States');
INSERT INTO Address(AddressId,Line1,Line2,City,State,Zip,Country) VALUES (174,'Shelley',71,'Valdosta','Georgia',31605,'United States');
INSERT INTO Address(AddressId,Line1,Line2,City,State,Zip,Country) VALUES (175,'Debra',70551,'Olympia','Washington',98506,'United States');
INSERT INTO Address(AddressId,Line1,Line2,City,State,Zip,Country) VALUES (176,'Merry',7,'New York City','New York',10099,'United States');
INSERT INTO Address(AddressId,Line1,Line2,City,State,Zip,Country) VALUES (177,'Marquette',3293,'Orlando','Florida',32854,'United States');
INSERT INTO Address(AddressId,Line1,Line2,City,State,Zip,Country) VALUES (178,'Mayer',49539,'Tampa','Florida',33661,'United States');
INSERT INTO Address(AddressId,Line1,Line2,City,State,Zip,Country) VALUES (179,'Dottie',42246,'Charlotte','North Carolina',28215,'United States');
INSERT INTO Address(AddressId,Line1,Line2,City,State,Zip,Country) VALUES (180,'Surrey',7,'Winston Salem','North Carolina',27116,'United States');
INSERT INTO Address(AddressId,Line1,Line2,City,State,Zip,Country) VALUES (181,'Thierer',70862,'Gainesville','Florida',32627,'United States');
INSERT INTO Address(AddressId,Line1,Line2,City,State,Zip,Country) VALUES (182,'Holy Cross',77,'Atlanta','Georgia',30380,'United States');
INSERT INTO Address(AddressId,Line1,Line2,City,State,Zip,Country) VALUES (183,'Sheridan',2645,'Detroit','Michigan',48242,'United States');
INSERT INTO Address(AddressId,Line1,Line2,City,State,Zip,Country) VALUES (184,'Sunfield',97,'Kansas City','Missouri',64109,'United States');
INSERT INTO Address(AddressId,Line1,Line2,City,State,Zip,Country) VALUES (185,'Swallow',53178,'Chattanooga','Tennessee',37450,'United States');
INSERT INTO Address(AddressId,Line1,Line2,City,State,Zip,Country) VALUES (186,'Oakridge',5706,'Los Angeles','California',90071,'United States');
INSERT INTO Address(AddressId,Line1,Line2,City,State,Zip,Country) VALUES (187,'Hauk',5,'Memphis','Tennessee',38168,'United States');
INSERT INTO Address(AddressId,Line1,Line2,City,State,Zip,Country) VALUES (188,'West',587,'San Diego','California',92137,'United States');
INSERT INTO Address(AddressId,Line1,Line2,City,State,Zip,Country) VALUES (189,'Stone Corner',0,'Youngstown','Ohio',44511,'United States');
INSERT INTO Address(AddressId,Line1,Line2,City,State,Zip,Country) VALUES (190,'Morningstar',588,'Norfolk','Virginia',23520,'United States');
INSERT INTO Address(AddressId,Line1,Line2,City,State,Zip,Country) VALUES (191,'Vernon',15,'Fresno','California',93762,'United States');
INSERT INTO Address(AddressId,Line1,Line2,City,State,Zip,Country) VALUES (192,'Kingsford',986,'Portland','Oregon',97240,'United States');
INSERT INTO Address(AddressId,Line1,Line2,City,State,Zip,Country) VALUES (193,'Arrowood',0,'Newton','Massachusetts',2458,'United States');
INSERT INTO Address(AddressId,Line1,Line2,City,State,Zip,Country) VALUES (194,'Del Sol',6,'Murfreesboro','Tennessee',37131,'United States');
INSERT INTO Address(AddressId,Line1,Line2,City,State,Zip,Country) VALUES (195,'Michigan',736,'Chattanooga','Tennessee',37450,'United States');
INSERT INTO Address(AddressId,Line1,Line2,City,State,Zip,Country) VALUES (196,'Messerschmidt',55,'Houston','Texas',77010,'United States');
INSERT INTO Address(AddressId,Line1,Line2,City,State,Zip,Country) VALUES (197,'Oxford',45,'Chesapeake','Virginia',23324,'United States');
INSERT INTO Address(AddressId,Line1,Line2,City,State,Zip,Country) VALUES (198,'Hazelcrest',834,'Battle Creek','Michigan',49018,'United States');
INSERT INTO Address(AddressId,Line1,Line2,City,State,Zip,Country) VALUES (199,'Longview',33655,'Charleston','West Virginia',25389,'United States');
INSERT INTO Address(AddressId,Line1,Line2,City,State,Zip,Country) VALUES (200,'Moland',80497,'Madison','Wisconsin',53705,'United States');
INSERT INTO Address(AddressId,Line1,Line2,City,State,Zip,Country) VALUES (201,'Nobel',539,'Washington','District of Columbia',20036,'United States');
INSERT INTO Address(AddressId,Line1,Line2,City,State,Zip,Country) VALUES (202,'Lighthouse Bay',80,'Washington','District of Columbia',20370,'United States');
INSERT INTO Address(AddressId,Line1,Line2,City,State,Zip,Country) VALUES (203,'Buhler',608,'Rochester','New York',14683,'United States');
INSERT INTO Address(AddressId,Line1,Line2,City,State,Zip,Country) VALUES (204,'Sunbrook',93,'Fresno','California',93715,'United States');
INSERT INTO Address(AddressId,Line1,Line2,City,State,Zip,Country) VALUES (205,'Springview',326,'Saint Louis','Missouri',63167,'United States');
INSERT INTO Address(AddressId,Line1,Line2,City,State,Zip,Country) VALUES (206,'Farwell',576,'Washington','District of Columbia',20370,'United States');
INSERT INTO Address(AddressId,Line1,Line2,City,State,Zip,Country) VALUES (207,'Green',95,'Columbia','Missouri',65218,'United States');
INSERT INTO Address(AddressId,Line1,Line2,City,State,Zip,Country) VALUES (208,'Pierstorff',663,'Detroit','Michigan',48242,'United States');
INSERT INTO Address(AddressId,Line1,Line2,City,State,Zip,Country) VALUES (209,'Ridgeview',3,'Miami','Florida',33134,'United States');
INSERT INTO Address(AddressId,Line1,Line2,City,State,Zip,Country) VALUES (210,'Marcy',83,'Sacramento','California',94286,'United States');
INSERT INTO Address(AddressId,Line1,Line2,City,State,Zip,Country) VALUES (211,'Kipling',47,'San Jose','California',95150,'United States');
INSERT INTO Address(AddressId,Line1,Line2,City,State,Zip,Country) VALUES (212,'Hovde',92,'Iowa City','Iowa',52245,'United States');
INSERT INTO Address(AddressId,Line1,Line2,City,State,Zip,Country) VALUES (213,'Mendota',19622,'Akron','Ohio',44315,'United States');
INSERT INTO Address(AddressId,Line1,Line2,City,State,Zip,Country) VALUES (214,'Bunker Hill',5198,'Sacramento','California',95828,'United States');
INSERT INTO Address(AddressId,Line1,Line2,City,State,Zip,Country) VALUES (215,'Onsgard',41,'Louisville','Kentucky',40287,'United States');
INSERT INTO Address(AddressId,Line1,Line2,City,State,Zip,Country) VALUES (216,'Nelson',877,'Shreveport','Louisiana',71115,'United States');
INSERT INTO Address(AddressId,Line1,Line2,City,State,Zip,Country) VALUES (217,'Holmberg',7180,'Boston','Massachusetts',2124,'United States');
INSERT INTO Address(AddressId,Line1,Line2,City,State,Zip,Country) VALUES (218,'Graceland',13,'Akron','Ohio',44393,'United States');
INSERT INTO Address(AddressId,Line1,Line2,City,State,Zip,Country) VALUES (219,'Lighthouse Bay',11,'Little Rock','Arkansas',72231,'United States');
INSERT INTO Address(AddressId,Line1,Line2,City,State,Zip,Country) VALUES (220,'Brentwood',166,'Erie','Pennsylvania',16565,'United States');
INSERT INTO Address(AddressId,Line1,Line2,City,State,Zip,Country) VALUES (221,'Sage',86,'Corpus Christi','Texas',78465,'United States');
INSERT INTO Address(AddressId,Line1,Line2,City,State,Zip,Country) VALUES (222,'Ridge Oak',6030,'Irvine','California',92619,'United States');
INSERT INTO Address(AddressId,Line1,Line2,City,State,Zip,Country) VALUES (223,'Manley',5553,'East Saint Louis','Illinois',62205,'United States');
INSERT INTO Address(AddressId,Line1,Line2,City,State,Zip,Country) VALUES (224,'Moulton',62478,'Des Moines','Iowa',50330,'United States');
INSERT INTO Address(AddressId,Line1,Line2,City,State,Zip,Country) VALUES (225,'Jenifer',5,'Tucson','Arizona',85720,'United States');
INSERT INTO Address(AddressId,Line1,Line2,City,State,Zip,Country) VALUES (226,'Fulton',90,'Washington','District of Columbia',20022,'United States');
INSERT INTO Address(AddressId,Line1,Line2,City,State,Zip,Country) VALUES (227,'Banding',0,'Topeka','Kansas',66642,'United States');
INSERT INTO Address(AddressId,Line1,Line2,City,State,Zip,Country) VALUES (228,'Oneill',0,'Spring','Texas',77388,'United States');
INSERT INTO Address(AddressId,Line1,Line2,City,State,Zip,Country) VALUES (229,'Kings',8403,'Austin','Texas',78715,'United States');
INSERT INTO Address(AddressId,Line1,Line2,City,State,Zip,Country) VALUES (230,'Stone Corner',209,'Orlando','Florida',32808,'United States');
INSERT INTO Address(AddressId,Line1,Line2,City,State,Zip,Country) VALUES (231,'Logan',5913,'Charleston','West Virginia',25321,'United States');
INSERT INTO Address(AddressId,Line1,Line2,City,State,Zip,Country) VALUES (232,'Forest Dale',9,'New York City','New York',10029,'United States');
INSERT INTO Address(AddressId,Line1,Line2,City,State,Zip,Country) VALUES (233,'Atwood',88307,'New York City','New York',10280,'United States');
INSERT INTO Address(AddressId,Line1,Line2,City,State,Zip,Country) VALUES (234,'Burrows',3,'Maple Plain','Minnesota',55572,'United States');
INSERT INTO Address(AddressId,Line1,Line2,City,State,Zip,Country) VALUES (235,'Kedzie',446,'Evansville','Indiana',47712,'United States');
INSERT INTO Address(AddressId,Line1,Line2,City,State,Zip,Country) VALUES (236,'Truax',0,'San Rafael','California',94913,'United States');
INSERT INTO Address(AddressId,Line1,Line2,City,State,Zip,Country) VALUES (237,'Buell',23,'El Paso','Texas',88553,'United States');
INSERT INTO Address(AddressId,Line1,Line2,City,State,Zip,Country) VALUES (238,'Tomscot',7,'Phoenix','Arizona',85030,'United States');
INSERT INTO Address(AddressId,Line1,Line2,City,State,Zip,Country) VALUES (239,'Jackson',8,'Springfield','Illinois',62756,'United States');
INSERT INTO Address(AddressId,Line1,Line2,City,State,Zip,Country) VALUES (240,'Summit',256,'Aurora','Illinois',60505,'United States');
INSERT INTO Address(AddressId,Line1,Line2,City,State,Zip,Country) VALUES (241,'Erie',806,'Knoxville','Tennessee',37924,'United States');
INSERT INTO Address(AddressId,Line1,Line2,City,State,Zip,Country) VALUES (242,'Washington',4887,'Wilmington','Delaware',19810,'United States');
INSERT INTO Address(AddressId,Line1,Line2,City,State,Zip,Country) VALUES (243,'Rieder',687,'Syracuse','New York',13224,'United States');
INSERT INTO Address(AddressId,Line1,Line2,City,State,Zip,Country) VALUES (244,'Michigan',86,'Chicago','Illinois',60669,'United States');
INSERT INTO Address(AddressId,Line1,Line2,City,State,Zip,Country) VALUES (245,'Hovde',28842,'Washington','District of Columbia',20073,'United States');
INSERT INTO Address(AddressId,Line1,Line2,City,State,Zip,Country) VALUES (246,'Shopko',6844,'Phoenix','Arizona',85062,'United States');
INSERT INTO Address(AddressId,Line1,Line2,City,State,Zip,Country) VALUES (247,'Forster',203,'Saint Cloud','Minnesota',56398,'United States');
INSERT INTO Address(AddressId,Line1,Line2,City,State,Zip,Country) VALUES (248,'Manitowish',0,'Chicago','Illinois',60674,'United States');
INSERT INTO Address(AddressId,Line1,Line2,City,State,Zip,Country) VALUES (249,'Algoma',12364,'Brockton','Massachusetts',2405,'United States');
INSERT INTO Address(AddressId,Line1,Line2,City,State,Zip,Country) VALUES (250,'Spaight',7109,'Dallas','Texas',75210,'United States');
INSERT INTO Address(AddressId,Line1,Line2,City,State,Zip,Country) VALUES (251,'Hanover',2,'San Jose','California',95194,'United States');
INSERT INTO Address(AddressId,Line1,Line2,City,State,Zip,Country) VALUES (252,'Washington',96748,'Scottsdale','Arizona',85271,'United States');
INSERT INTO Address(AddressId,Line1,Line2,City,State,Zip,Country) VALUES (253,'Independence',797,'Omaha','Nebraska',68134,'United States');
INSERT INTO Address(AddressId,Line1,Line2,City,State,Zip,Country) VALUES (254,'Loftsgordon',81,'Rochester','New York',14652,'United States');
INSERT INTO Address(AddressId,Line1,Line2,City,State,Zip,Country) VALUES (255,'Thackeray',81933,'Chicago','Illinois',60669,'United States');
INSERT INTO Address(AddressId,Line1,Line2,City,State,Zip,Country) VALUES (256,'Morningstar',7,'Alexandria','Virginia',22309,'United States');
INSERT INTO Address(AddressId,Line1,Line2,City,State,Zip,Country) VALUES (257,'Loftsgordon',38890,'Tyler','Texas',75799,'United States');
INSERT INTO Address(AddressId,Line1,Line2,City,State,Zip,Country) VALUES (258,'Lake View',5209,'Salt Lake City','Utah',84105,'United States');
INSERT INTO Address(AddressId,Line1,Line2,City,State,Zip,Country) VALUES (259,'Dayton',419,'Birmingham','Alabama',35285,'United States');
INSERT INTO Address(AddressId,Line1,Line2,City,State,Zip,Country) VALUES (260,'Packers',14071,'Buffalo','New York',14205,'United States');
INSERT INTO Address(AddressId,Line1,Line2,City,State,Zip,Country) VALUES (261,'Kipling',98,'Madison','Wisconsin',53705,'United States');
INSERT INTO Address(AddressId,Line1,Line2,City,State,Zip,Country) VALUES (262,'Hoepker',50241,'Washington','District of Columbia',20370,'United States');
INSERT INTO Address(AddressId,Line1,Line2,City,State,Zip,Country) VALUES (263,'Lunder',0,'Harrisburg','Pennsylvania',17105,'United States');
INSERT INTO Address(AddressId,Line1,Line2,City,State,Zip,Country) VALUES (264,'Goodland',16,'Worcester','Massachusetts',1654,'United States');
INSERT INTO Address(AddressId,Line1,Line2,City,State,Zip,Country) VALUES (265,'Clyde Gallagher',44,'Paterson','New Jersey',7505,'United States');
INSERT INTO Address(AddressId,Line1,Line2,City,State,Zip,Country) VALUES (266,'Nevada',307,'Irvine','California',92612,'United States');
INSERT INTO Address(AddressId,Line1,Line2,City,State,Zip,Country) VALUES (267,'Fairview',743,'Springfield','Illinois',62764,'United States');
INSERT INTO Address(AddressId,Line1,Line2,City,State,Zip,Country) VALUES (268,'Main',1,'Las Vegas','Nevada',89166,'United States');
INSERT INTO Address(AddressId,Line1,Line2,City,State,Zip,Country) VALUES (269,'Rusk',4,'Washington','District of Columbia',20067,'United States');
INSERT INTO Address(AddressId,Line1,Line2,City,State,Zip,Country) VALUES (270,'Esker',7,'Portsmouth','Virginia',23705,'United States');
INSERT INTO Address(AddressId,Line1,Line2,City,State,Zip,Country) VALUES (271,'Dexter',69203,'Baton Rouge','Louisiana',70894,'United States');
INSERT INTO Address(AddressId,Line1,Line2,City,State,Zip,Country) VALUES (272,'Elgar',82952,'Sioux Falls','South Dakota',57193,'United States');
INSERT INTO Address(AddressId,Line1,Line2,City,State,Zip,Country) VALUES (273,'Becker',2,'San Bernardino','California',92415,'United States');
INSERT INTO Address(AddressId,Line1,Line2,City,State,Zip,Country) VALUES (274,'Pepper Wood',61168,'San Jose','California',95138,'United States');
INSERT INTO Address(AddressId,Line1,Line2,City,State,Zip,Country) VALUES (275,'Walton',4740,'Fairfax','Virginia',22036,'United States');
INSERT INTO Address(AddressId,Line1,Line2,City,State,Zip,Country) VALUES (276,'Dryden',60154,'Savannah','Georgia',31422,'United States');
INSERT INTO Address(AddressId,Line1,Line2,City,State,Zip,Country) VALUES (277,'Roxbury',6,'Charlotte','North Carolina',28263,'United States');
INSERT INTO Address(AddressId,Line1,Line2,City,State,Zip,Country) VALUES (278,'Wayridge',761,'Saint Louis','Missouri',63126,'United States');
INSERT INTO Address(AddressId,Line1,Line2,City,State,Zip,Country) VALUES (279,'Eggendart',5403,'Fresno','California',93721,'United States');
INSERT INTO Address(AddressId,Line1,Line2,City,State,Zip,Country) VALUES (280,'Moland',92019,'Hialeah','Florida',33013,'United States');
INSERT INTO Address(AddressId,Line1,Line2,City,State,Zip,Country) VALUES (281,'Gateway',138,'Sacramento','California',95833,'United States');
INSERT INTO Address(AddressId,Line1,Line2,City,State,Zip,Country) VALUES (282,'Fisk',3266,'Houston','Texas',77281,'United States');
INSERT INTO Address(AddressId,Line1,Line2,City,State,Zip,Country) VALUES (283,'Katie',9,'Los Angeles','California',90071,'United States');
INSERT INTO Address(AddressId,Line1,Line2,City,State,Zip,Country) VALUES (284,'Dennis',2,'Harrisburg','Pennsylvania',17126,'United States');
INSERT INTO Address(AddressId,Line1,Line2,City,State,Zip,Country) VALUES (285,'Delladonna',198,'Clearwater','Florida',34620,'United States');
INSERT INTO Address(AddressId,Line1,Line2,City,State,Zip,Country) VALUES (286,'Barnett',19,'Jamaica','New York',11447,'United States');
INSERT INTO Address(AddressId,Line1,Line2,City,State,Zip,Country) VALUES (287,'Carey',5179,'Fullerton','California',92640,'United States');
INSERT INTO Address(AddressId,Line1,Line2,City,State,Zip,Country) VALUES (288,'Sullivan',19,'Memphis','Tennessee',38168,'United States');
INSERT INTO Address(AddressId,Line1,Line2,City,State,Zip,Country) VALUES (289,'High Crossing',53,'Stockton','California',95298,'United States');
INSERT INTO Address(AddressId,Line1,Line2,City,State,Zip,Country) VALUES (290,'Butterfield',36,'Las Vegas','Nevada',89193,'United States');
INSERT INTO Address(AddressId,Line1,Line2,City,State,Zip,Country) VALUES (291,'Westport',4,'Irvine','California',92619,'United States');
INSERT INTO Address(AddressId,Line1,Line2,City,State,Zip,Country) VALUES (292,'Delaware',51458,'Virginia Beach','Virginia',23454,'United States');
INSERT INTO Address(AddressId,Line1,Line2,City,State,Zip,Country) VALUES (293,'Fremont',88,'Youngstown','Ohio',44555,'United States');
INSERT INTO Address(AddressId,Line1,Line2,City,State,Zip,Country) VALUES (294,'Clarendon',5423,'Boston','Massachusetts',2203,'United States');
INSERT INTO Address(AddressId,Line1,Line2,City,State,Zip,Country) VALUES (295,'Walton',4,'Washington','District of Columbia',20210,'United States');
INSERT INTO Address(AddressId,Line1,Line2,City,State,Zip,Country) VALUES (296,'Valley Edge',1373,'Huntington','West Virginia',25709,'United States');
INSERT INTO Address(AddressId,Line1,Line2,City,State,Zip,Country) VALUES (297,'Stoughton',60,'Sacramento','California',94207,'United States');
INSERT INTO Address(AddressId,Line1,Line2,City,State,Zip,Country) VALUES (298,'Forest',473,'Oklahoma City','Oklahoma',73147,'United States');
INSERT INTO Address(AddressId,Line1,Line2,City,State,Zip,Country) VALUES (299,'Di Loreto',5330,'San Francisco','California',94147,'United States');
INSERT INTO Address(AddressId,Line1,Line2,City,State,Zip,Country) VALUES (300,'Londonderry',0,'Minneapolis','Minnesota',55402,'United States');

SELECT * FROM Address

-------------------------------------------------------------
---------TABLE CATEGORY-------------------------------------
--------------------------------------------------------------

INSERT INTO Category(CategoryId,CategoryName) VALUES (501,'Technology');
INSERT INTO Category(CategoryId,CategoryName) VALUES (502,'Health Care');
INSERT INTO Category(CategoryId,CategoryName) VALUES (503,'Infants');
INSERT INTO Category(CategoryId,CategoryName) VALUES (504,'HomeDecor');
INSERT INTO Category(CategoryId,CategoryName) VALUES (505,'Entertainment');
INSERT INTO Category(CategoryId,CategoryName) VALUES (506,'Hardware and Tools');
INSERT INTO Category(CategoryId,CategoryName) VALUES (507,'Kids');
INSERT INTO Category(CategoryId,CategoryName) VALUES (508,'Diamonds & Jewelery');
INSERT INTO Category(CategoryId,CategoryName) VALUES (509,'Entertainment');
INSERT INTO Category(CategoryId,CategoryName) VALUES (510,'Clothing & Apparel');
INSERT INTO Category(CategoryId,CategoryName) VALUES (511,'Fitness');
INSERT INTO Category(CategoryId,CategoryName) VALUES (512,'Personal Care');
INSERT INTO Category(CategoryId,CategoryName) VALUES (513,'Fitness');

SELECT * FROM Category

------------------------------------------------------------------------------------
-----------------TABLE MANUFACTURER-------------------------------------------------
------------------------------------------------------------------------------------

INSERT INTO Manufacturer(ManufactureId,ManufactureName) VALUES (10,'Prosacco-Kautzer');
INSERT INTO Manufacturer(ManufactureId,ManufactureName) VALUES (11,'Shanahan LLC');
INSERT INTO Manufacturer(ManufactureId,ManufactureName) VALUES (12,'Schulist, Bruen and Thiel');
INSERT INTO Manufacturer(ManufactureId,ManufactureName) VALUES (13,'Rohan-Rodriguez');
INSERT INTO Manufacturer(ManufactureId,ManufactureName) VALUES (14,'Shields-Walsh');
INSERT INTO Manufacturer(ManufactureId,ManufactureName) VALUES (15,'VonRueden-O''Connell');
INSERT INTO Manufacturer(ManufactureId,ManufactureName) VALUES (16,'Zieme, Hane and Johnston');
INSERT INTO Manufacturer(ManufactureId,ManufactureName) VALUES (17,'Huels-Doyle');
INSERT INTO Manufacturer(ManufactureId,ManufactureName) VALUES (18,'Jenkins-Sipes');
INSERT INTO Manufacturer(ManufactureId,ManufactureName) VALUES (19,'Franecki, Nienow and Pouros');
INSERT INTO Manufacturer(ManufactureId,ManufactureName) VALUES (20,'Zulauf and Sons');
INSERT INTO Manufacturer(ManufactureId,ManufactureName) VALUES (21,'Bergnaum-Kutch');
INSERT INTO Manufacturer(ManufactureId,ManufactureName) VALUES (22,'Morissette-Sporer');
INSERT INTO Manufacturer(ManufactureId,ManufactureName) VALUES (23,'Schiller Inc');
INSERT INTO Manufacturer(ManufactureId,ManufactureName) VALUES (24,'Murazik, Mueller and Bogisich');
INSERT INTO Manufacturer(ManufactureId,ManufactureName) VALUES (25,'Lynch, Ledner and Cole');
INSERT INTO Manufacturer(ManufactureId,ManufactureName) VALUES (26,'Thompson and Sons');
INSERT INTO Manufacturer(ManufactureId,ManufactureName) VALUES (27,'Auer LLC');
INSERT INTO Manufacturer(ManufactureId,ManufactureName) VALUES (28,'Lang-Durgan');
INSERT INTO Manufacturer(ManufactureId,ManufactureName) VALUES (29,'Spinka, West and Gutmann');

SELECT * FROM Manufacturer

------------------------------------------------------------------------------------------------------
------------------TABLE PRODUCT-----------------------------------------------------------------------
------------------------------------------------------------------------------------------------------

INSERT INTO Product(ProductId,ManufactureId,CategoryId,ProductName,ProductDescription,DiscountAvailable,Color,Price,Availability) VALUES (111,10,501,'Headphones','Electronics',0.2,'Blue',90,'Yes');
INSERT INTO Product(ProductId,ManufactureId,CategoryId,ProductName,ProductDescription,DiscountAvailable,Color,Price,Availability) VALUES (112,11,501,'Mobile Phones','Electronics',0.16,'Puce',52,'Yes');
INSERT INTO Product(ProductId,ManufactureId,CategoryId,ProductName,ProductDescription,DiscountAvailable,Color,Price,Availability) VALUES (113,12,503,'Baby soap','Baby',0.22,'Turquoise',79,'Yes');
INSERT INTO Product(ProductId,ManufactureId,CategoryId,ProductName,ProductDescription,DiscountAvailable,Color,Price,Availability) VALUES (114,13,504,'Grass','Garden',0.13,'Indigo',59,'Yes');
INSERT INTO Product(ProductId,ManufactureId,CategoryId,ProductName,ProductDescription,DiscountAvailable,Color,Price,Availability) VALUES (115,14,509,'80 classic CDs','Music',0.23,'Purple',68,'Yes');
INSERT INTO Product(ProductId,ManufactureId,CategoryId,ProductName,ProductDescription,DiscountAvailable,Color,Price,Availability) VALUES (116,15,504,'Lamp','Home',0.19,'Turquoise',64,'Yes');
INSERT INTO Product(ProductId,ManufactureId,CategoryId,ProductName,ProductDescription,DiscountAvailable,Color,Price,Availability) VALUES (117,16,506,'Bolt','Industrial',0.21,'Goldenrod',100,'Yes');
INSERT INTO Product(ProductId,ManufactureId,CategoryId,ProductName,ProductDescription,DiscountAvailable,Color,Price,Availability) VALUES (118,17,504,'Fan','Home',0.23,'Turquoise',54,'Yes');
INSERT INTO Product(ProductId,ManufactureId,CategoryId,ProductName,ProductDescription,DiscountAvailable,Color,Price,Availability) VALUES (119,18,507,'Kids water pool','Kids',0.21,'Pink',55,'Yes');
INSERT INTO Product(ProductId,ManufactureId,CategoryId,ProductName,ProductDescription,DiscountAvailable,Color,Price,Availability) VALUES (120,19,508,'Rings','Jewelery',0.12,'Aquamarine',54,'Yes');
INSERT INTO Product(ProductId,ManufactureId,CategoryId,ProductName,ProductDescription,DiscountAvailable,Color,Price,Availability) VALUES (121,20,509,'Avatar','Movies',0.18,'Orange',73,'Yes');
INSERT INTO Product(ProductId,ManufactureId,CategoryId,ProductName,ProductDescription,DiscountAvailable,Color,Price,Availability) VALUES (122,21,501,'Keyboard','Computers',0.24,'Mauv',65,'Yes');
INSERT INTO Product(ProductId,ManufactureId,CategoryId,ProductName,ProductDescription,DiscountAvailable,Color,Price,Availability) VALUES (123,22,510,'ZARA T-shirt','Clothing',0.17,'Red',82,'Yes');
INSERT INTO Product(ProductId,ManufactureId,CategoryId,ProductName,ProductDescription,DiscountAvailable,Color,Price,Availability) VALUES (124,23,501,'Wireless Mouse','Computers',0.13,'Yellow',65,'Yes');
INSERT INTO Product(ProductId,ManufactureId,CategoryId,ProductName,ProductDescription,DiscountAvailable,Color,Price,Availability) VALUES (125,24,513,'Badminton Rackets','Sports',0.18,'Yellow',76,'Yes');
INSERT INTO Product(ProductId,ManufactureId,CategoryId,ProductName,ProductDescription,DiscountAvailable,Color,Price,Availability) VALUES (126,25,512,'Perfume','Beauty',0.11,'Teal',64,'Yes');
INSERT INTO Product(ProductId,ManufactureId,CategoryId,ProductName,ProductDescription,DiscountAvailable,Color,Price,Availability) VALUES (127,26,507,'RC plane','Toys',0.14,'Indigo',73,'Yes');
INSERT INTO Product(ProductId,ManufactureId,CategoryId,ProductName,ProductDescription,DiscountAvailable,Color,Price,Availability) VALUES (128,27,513,'Nike runner 3.0','Shoes',0.2,'Violet',87,'Yes');
INSERT INTO Product(ProductId,ManufactureId,CategoryId,ProductName,ProductDescription,DiscountAvailable,Color,Price,Availability) VALUES (129,28,510,'Lee cooper formals','Shoes',0.12,'Khaki',53,'Yes');
INSERT INTO Product(ProductId,ManufactureId,CategoryId,ProductName,ProductDescription,DiscountAvailable,Color,Price,Availability) VALUES (130,29,504,'Plants','Garden',0.11,'Mauv',79,'Yes');
INSERT INTO Product(ProductId,ManufactureId,CategoryId,ProductName,ProductDescription,DiscountAvailable,Color,Price,Availability) VALUES (131,20,502,'Sanitizer','Natural Made',0.05,'Blue',25,'Yes');
INSERT INTO Product(ProductId,ManufactureId,CategoryId,ProductName,ProductDescription,DiscountAvailable,Color,Price,Availability) VALUES (132,21,502,'Disposable Gloves','100pcs Per Pack',0,'White',15,'Yes');
INSERT INTO Product(ProductId,ManufactureId,CategoryId,ProductName,ProductDescription,DiscountAvailable,Color,Price,Availability) VALUES (133,22,502,'Face Masks','N95-3pc Per Pack',0,'White',30,'Yes');
INSERT INTO Product(ProductId,ManufactureId,CategoryId,ProductName,ProductDescription,DiscountAvailable,Color,Price,Availability) VALUES (134,23,502,'Disinfecting Wipes','35 pcs Per Pack',0,'White',10,'Yes');


SELECT * FROM Product

-------------------------------------------------------------
-------------TABLE DeliveryBoy ------------------------------
-------------------------------------------------------------
INSERT INTO DeliveryBoy(DeliveryBoyId,FirstName,LastName,DOB,Gender,PhoneId,EmailId) VALUES (1,'Cordy','Clague','1970-02-22','Female','993-513-3130','cclaguebn@webmd.com');
INSERT INTO DeliveryBoy(DeliveryBoyId,FirstName,LastName,DOB,Gender,PhoneId,EmailId) VALUES (2,'Remus','Breckell','1989-06-25','Male','785-447-5674','rbreckellbo@imageshack.us');
INSERT INTO DeliveryBoy(DeliveryBoyId,FirstName,LastName,DOB,Gender,PhoneId,EmailId) VALUES (3,'Karna','Belin','1987-03-18','Female','502-954-7131','kbelinbp@spotify.com');
INSERT INTO DeliveryBoy(DeliveryBoyId,FirstName,LastName,DOB,Gender,PhoneId,EmailId) VALUES (4,'Audrey','Studholme','1994-11-06','Female','287-465-6193','astudholmebq@slashdot.org');
INSERT INTO DeliveryBoy(DeliveryBoyId,FirstName,LastName,DOB,Gender,PhoneId,EmailId) VALUES (5,'Noreen','Morl','1998-11-18','Female','903-210-6618','nmorlbr@oakley.com');
INSERT INTO DeliveryBoy(DeliveryBoyId,FirstName,LastName,DOB,Gender,PhoneId,EmailId) VALUES (6,'Kameko','Tagg','1999-05-09','Female','337-316-4494','ktaggbs@altervista.org');
INSERT INTO DeliveryBoy(DeliveryBoyId,FirstName,LastName,DOB,Gender,PhoneId,EmailId) VALUES (7,'Luci','Vennart','1976-09-24','Female','326-398-9351','lvennartbt@fastcompany.com');
INSERT INTO DeliveryBoy(DeliveryBoyId,FirstName,LastName,DOB,Gender,PhoneId,EmailId) VALUES (8,'Kathleen','Eickhoff','1979-02-25','Female','317-206-2016','keickhoffbu@people.com.cn');
INSERT INTO DeliveryBoy(DeliveryBoyId,FirstName,LastName,DOB,Gender,PhoneId,EmailId) VALUES (9,'Haven','Campaigne','1971-03-26','Male','716-907-8457','hcampaignebv@g.co');
INSERT INTO DeliveryBoy(DeliveryBoyId,FirstName,LastName,DOB,Gender,PhoneId,EmailId) VALUES (10,'Philis','Petrushkevich','1990-12-06','Female','557-727-5791','ppetrushkevichbw@w3.org');
INSERT INTO DeliveryBoy(DeliveryBoyId,FirstName,LastName,DOB,Gender,PhoneId,EmailId) VALUES (11,'Dahlia','O''Haire','1976-12-02','Female','677-962-6873','dohairebx@senate.gov');
INSERT INTO DeliveryBoy(DeliveryBoyId,FirstName,LastName,DOB,Gender,PhoneId,EmailId) VALUES (12,'Cherlyn','Shrimptone','1987-05-25','Female','551-472-5245','cshrimptoneby@blog.com');
INSERT INTO DeliveryBoy(DeliveryBoyId,FirstName,LastName,DOB,Gender,PhoneId,EmailId) VALUES (13,'Tabina','Pickover','1992-04-08','Female','946-269-6277','tpickoverbz@businessweek.com');
INSERT INTO DeliveryBoy(DeliveryBoyId,FirstName,LastName,DOB,Gender,PhoneId,EmailId) VALUES (14,'Demott','McShirrie','1981-08-10','Male','240-651-1861','dmcshirriec0@time.com');
INSERT INTO DeliveryBoy(DeliveryBoyId,FirstName,LastName,DOB,Gender,PhoneId,EmailId) VALUES (15,'Iain','Petschelt','2002-11-12','Male','592-332-0690','ipetscheltc1@surveymonkey.com');
INSERT INTO DeliveryBoy(DeliveryBoyId,FirstName,LastName,DOB,Gender,PhoneId,EmailId) VALUES (16,'Gun','Riddlesden','1990-04-13','Male','931-503-3925','griddlesdenc2@storify.com');
INSERT INTO DeliveryBoy(DeliveryBoyId,FirstName,LastName,DOB,Gender,PhoneId,EmailId) VALUES (17,'Francesco','Gauthorpp','1975-02-21','Male','391-961-8292','fgauthorppc3@uol.com.br');
INSERT INTO DeliveryBoy(DeliveryBoyId,FirstName,LastName,DOB,Gender,PhoneId,EmailId) VALUES (18,'Trev','Kinchley','2002-10-22','Male','993-125-0902','tkinchleyc4@skype.com');
INSERT INTO DeliveryBoy(DeliveryBoyId,FirstName,LastName,DOB,Gender,PhoneId,EmailId) VALUES (19,'Emelen','Jouanot','1970-08-04','Male','868-943-4578','ejouanotc5@1und1.de');
INSERT INTO DeliveryBoy(DeliveryBoyId,FirstName,LastName,DOB,Gender,PhoneId,EmailId) VALUES (20,'Mayor','Cozins','1979-04-11','Male','150-501-7359','mcozinsc6@cbsnews.com');

SELECT * FROM DeliveryBoy

----------------------------------------------------------
------------ShippingDetails-------------------------------
----------------------------------------------------------
INSERT INTO ShippingDetails(ShipperId,AddressId,DeliveryBoyId,ShippingDate) VALUES (700,1,1,'2020-03-10');
INSERT INTO ShippingDetails(ShipperId,AddressId,DeliveryBoyId,ShippingDate) VALUES (707,2,2,'2020-03-23');
INSERT INTO ShippingDetails(ShipperId,AddressId,DeliveryBoyId,ShippingDate) VALUES (714,3,2,'2020-06-06');
INSERT INTO ShippingDetails(ShipperId,AddressId,DeliveryBoyId,ShippingDate) VALUES (721,4,4,'2020-05-18');
INSERT INTO ShippingDetails(ShipperId,AddressId,DeliveryBoyId,ShippingDate) VALUES (728,5,4,'2020-05-21');
INSERT INTO ShippingDetails(ShipperId,AddressId,DeliveryBoyId,ShippingDate) VALUES (735,6,6,'2020-06-05');
INSERT INTO ShippingDetails(ShipperId,AddressId,DeliveryBoyId,ShippingDate) VALUES (742,7,2,'2020-06-02');
INSERT INTO ShippingDetails(ShipperId,AddressId,DeliveryBoyId,ShippingDate) VALUES (749,8,8,'2020-04-14');
INSERT INTO ShippingDetails(ShipperId,AddressId,DeliveryBoyId,ShippingDate) VALUES (756,9,9,'2020-05-19');
INSERT INTO ShippingDetails(ShipperId,AddressId,DeliveryBoyId,ShippingDate) VALUES (763,10,10,'2020-06-05');
INSERT INTO ShippingDetails(ShipperId,AddressId,DeliveryBoyId,ShippingDate) VALUES (770,11,4,'2020-04-22');
INSERT INTO ShippingDetails(ShipperId,AddressId,DeliveryBoyId,ShippingDate) VALUES (777,12,12,'2020-03-25');
INSERT INTO ShippingDetails(ShipperId,AddressId,DeliveryBoyId,ShippingDate) VALUES (784,13,13,'2020-06-12');
INSERT INTO ShippingDetails(ShipperId,AddressId,DeliveryBoyId,ShippingDate) VALUES (791,14,14,'2020-05-01');
INSERT INTO ShippingDetails(ShipperId,AddressId,DeliveryBoyId,ShippingDate) VALUES (798,15,15,'2020-04-13');
INSERT INTO ShippingDetails(ShipperId,AddressId,DeliveryBoyId,ShippingDate) VALUES (805,16,16,'2020-03-11');
INSERT INTO ShippingDetails(ShipperId,AddressId,DeliveryBoyId,ShippingDate) VALUES (812,17,17,'2020-05-15');
INSERT INTO ShippingDetails(ShipperId,AddressId,DeliveryBoyId,ShippingDate) VALUES (819,18,18,'2020-04-20');
INSERT INTO ShippingDetails(ShipperId,AddressId,DeliveryBoyId,ShippingDate) VALUES (826,19,19,'2020-04-16');
INSERT INTO ShippingDetails(ShipperId,AddressId,DeliveryBoyId,ShippingDate) VALUES (833,20,20,'2020-04-17');

SELECT * FROM ShippingDetails


-----------------------------------------------------------------
-------------TABLE ORDERS---------------------------------------
------------------------------------------------------------------
INSERT INTO Orders(OrderId,CustomerId,ShipperId,OrderDate,Amount) VALUES (5000,3000,700,'2020-02-12',548);
INSERT INTO Orders(OrderId,CustomerId,ShipperId,OrderDate,Amount) VALUES (5002,3003,707,'2019-09-26',195);
INSERT INTO Orders(OrderId,CustomerId,ShipperId,OrderDate,Amount) VALUES (5004,3006,714,'2019-12-11',592);
INSERT INTO Orders(OrderId,CustomerId,ShipperId,OrderDate,Amount) VALUES (5006,3009,721,'2019-10-21',273);
INSERT INTO Orders(OrderId,CustomerId,ShipperId,OrderDate,Amount) VALUES (5008,3012,728,'2019-06-07',508);
INSERT INTO Orders(OrderId,CustomerId,ShipperId,OrderDate,Amount) VALUES (5010,3015,735,'2019-06-30',653);
INSERT INTO Orders(OrderId,CustomerId,ShipperId,OrderDate,Amount) VALUES (5012,3018,742,'2019-09-26',718);
INSERT INTO Orders(OrderId,CustomerId,ShipperId,OrderDate,Amount) VALUES (5014,3021,749,'2019-09-11',393);
INSERT INTO Orders(OrderId,CustomerId,ShipperId,OrderDate,Amount) VALUES (5016,3024,756,'2019-04-12',215);
INSERT INTO Orders(OrderId,CustomerId,ShipperId,OrderDate,Amount) VALUES (5018,3027,763,'2019-09-09',215);
INSERT INTO Orders(OrderId,CustomerId,ShipperId,OrderDate,Amount) VALUES (5020,3030,770,'2020-02-12',215);
INSERT INTO Orders(OrderId,CustomerId,ShipperId,OrderDate,Amount) VALUES (5022,3033,777,'2020-02-14',215);
INSERT INTO Orders(OrderId,CustomerId,ShipperId,OrderDate,Amount) VALUES (5024,3036,784,'2019-10-17',215);
INSERT INTO Orders(OrderId,CustomerId,ShipperId,OrderDate,Amount) VALUES (5026,3039,791,'2019-06-07',215);
INSERT INTO Orders(OrderId,CustomerId,ShipperId,OrderDate,Amount) VALUES (5028,3042,798,'2019-05-29',700);
INSERT INTO Orders(OrderId,CustomerId,ShipperId,OrderDate,Amount) VALUES (5030,3045,805,'2020-02-13',673);
INSERT INTO Orders(OrderId,CustomerId,ShipperId,OrderDate,Amount) VALUES (5032,3048,812,'2019-08-10',380);
INSERT INTO Orders(OrderId,CustomerId,ShipperId,OrderDate,Amount) VALUES (5034,3051,819,'2019-05-14',192);
INSERT INTO Orders(OrderId,CustomerId,ShipperId,OrderDate,Amount) VALUES (5036,3054,826,'2019-11-04',146);
INSERT INTO Orders(OrderId,CustomerId,ShipperId,OrderDate,Amount) VALUES (5038,3057,833,'2019-12-10',427);

SELECT * FROM Orders


-----------------------------------------------------------
-------------TABLE ORDERLINE------------------------------
-----------------------------------------------------------
INSERT INTO OrderLine(OrderLineId,OrderId,ProductId,Quantity,TotalPrice) VALUES (1,5000,111,2,180);
INSERT INTO OrderLine(OrderLineId,OrderId,ProductId,Quantity,TotalPrice) VALUES (2,5000,112,1,52);
INSERT INTO OrderLine(OrderLineId,OrderId,ProductId,Quantity,TotalPrice) VALUES (3,5000,113,4,316);
INSERT INTO OrderLine(OrderLineId,OrderId,ProductId,Quantity,TotalPrice) VALUES (4,5002,114,1,59);
INSERT INTO OrderLine(OrderLineId,OrderId,ProductId,Quantity,TotalPrice) VALUES (5,5002,115,2,136);
INSERT INTO OrderLine(OrderLineId,OrderId,ProductId,Quantity,TotalPrice) VALUES (6,5004,116,3,192);
INSERT INTO OrderLine(OrderLineId,OrderId,ProductId,Quantity,TotalPrice) VALUES (7,5004,117,4,400);
INSERT INTO OrderLine(OrderLineId,OrderId,ProductId,Quantity,TotalPrice) VALUES (8,5006,118,2,108);
INSERT INTO OrderLine(OrderLineId,OrderId,ProductId,Quantity,TotalPrice) VALUES (9,5006,119,3,165);
INSERT INTO OrderLine(OrderLineId,OrderId,ProductId,Quantity,TotalPrice) VALUES (10,5008,120,4,216);
INSERT INTO OrderLine(OrderLineId,OrderId,ProductId,Quantity,TotalPrice) VALUES (11,5008,121,4,292);
INSERT INTO OrderLine(OrderLineId,OrderId,ProductId,Quantity,TotalPrice) VALUES (12,5010,122,2,130);
INSERT INTO OrderLine(OrderLineId,OrderId,ProductId,Quantity,TotalPrice) VALUES (13,5010,123,4,328);
INSERT INTO OrderLine(OrderLineId,OrderId,ProductId,Quantity,TotalPrice) VALUES (14,5010,124,3,195);
INSERT INTO OrderLine(OrderLineId,OrderId,ProductId,Quantity,TotalPrice) VALUES (15,5012,125,5,380);
INSERT INTO OrderLine(OrderLineId,OrderId,ProductId,Quantity,TotalPrice) VALUES (16,5012,126,3,192);
INSERT INTO OrderLine(OrderLineId,OrderId,ProductId,Quantity,TotalPrice) VALUES (17,5012,127,2,146);
INSERT INTO OrderLine(OrderLineId,OrderId,ProductId,Quantity,TotalPrice) VALUES (18,5014,128,3,261);
INSERT INTO OrderLine(OrderLineId,OrderId,ProductId,Quantity,TotalPrice) VALUES (19,5014,129,1,53);
INSERT INTO OrderLine(OrderLineId,OrderId,ProductId,Quantity,TotalPrice) VALUES (20,5014,130,1,79);
INSERT INTO OrderLine(OrderLineId,OrderId,ProductId,Quantity,TotalPrice) VALUES (21,5016,131,2,50);
INSERT INTO OrderLine(OrderLineId,OrderId,ProductId,Quantity,TotalPrice) VALUES (22,5016,132,3,45);
INSERT INTO OrderLine(OrderLineId,OrderId,ProductId,Quantity,TotalPrice) VALUES (23,5016,133,3,90);
INSERT INTO OrderLine(OrderLineId,OrderId,ProductId,Quantity,TotalPrice) VALUES (24,5016,134,3,30);
INSERT INTO OrderLine(OrderLineId,OrderId,ProductId,Quantity,TotalPrice) VALUES (25,5018,131,2,50);
INSERT INTO OrderLine(OrderLineId,OrderId,ProductId,Quantity,TotalPrice) VALUES (26,5018,132,3,45);
INSERT INTO OrderLine(OrderLineId,OrderId,ProductId,Quantity,TotalPrice) VALUES (27,5018,133,3,90);
INSERT INTO OrderLine(OrderLineId,OrderId,ProductId,Quantity,TotalPrice) VALUES (28,5018,134,3,30);
INSERT INTO OrderLine(OrderLineId,OrderId,ProductId,Quantity,TotalPrice) VALUES (29,5020,131,2,50);
INSERT INTO OrderLine(OrderLineId,OrderId,ProductId,Quantity,TotalPrice) VALUES (30,5020,132,3,45);
INSERT INTO OrderLine(OrderLineId,OrderId,ProductId,Quantity,TotalPrice) VALUES (31,5020,133,3,90);
INSERT INTO OrderLine(OrderLineId,OrderId,ProductId,Quantity,TotalPrice) VALUES (32,5020,134,3,30);
INSERT INTO OrderLine(OrderLineId,OrderId,ProductId,Quantity,TotalPrice) VALUES (33,5022,131,2,50);
INSERT INTO OrderLine(OrderLineId,OrderId,ProductId,Quantity,TotalPrice) VALUES (34,5022,132,3,45);
INSERT INTO OrderLine(OrderLineId,OrderId,ProductId,Quantity,TotalPrice) VALUES (35,5022,133,3,90);
INSERT INTO OrderLine(OrderLineId,OrderId,ProductId,Quantity,TotalPrice) VALUES (36,5022,134,3,30);
INSERT INTO OrderLine(OrderLineId,OrderId,ProductId,Quantity,TotalPrice) VALUES (37,5024,131,2,50);
INSERT INTO OrderLine(OrderLineId,OrderId,ProductId,Quantity,TotalPrice) VALUES (38,5024,132,3,45);
INSERT INTO OrderLine(OrderLineId,OrderId,ProductId,Quantity,TotalPrice) VALUES (39,5024,133,3,90);
INSERT INTO OrderLine(OrderLineId,OrderId,ProductId,Quantity,TotalPrice) VALUES (40,5024,134,3,30);
INSERT INTO OrderLine(OrderLineId,OrderId,ProductId,Quantity,TotalPrice) VALUES (41,5026,131,2,50);
INSERT INTO OrderLine(OrderLineId,OrderId,ProductId,Quantity,TotalPrice) VALUES (42,5026,132,3,45);
INSERT INTO OrderLine(OrderLineId,OrderId,ProductId,Quantity,TotalPrice) VALUES (43,5026,133,3,90);
INSERT INTO OrderLine(OrderLineId,OrderId,ProductId,Quantity,TotalPrice) VALUES (44,5026,134,3,30);
INSERT INTO OrderLine(OrderLineId,OrderId,ProductId,Quantity,TotalPrice) VALUES (45,5028,116,3,192);
INSERT INTO OrderLine(OrderLineId,OrderId,ProductId,Quantity,TotalPrice) VALUES (46,5028,117,4,400);
INSERT INTO OrderLine(OrderLineId,OrderId,ProductId,Quantity,TotalPrice) VALUES (47,5028,118,2,108);
INSERT INTO OrderLine(OrderLineId,OrderId,ProductId,Quantity,TotalPrice) VALUES (48,5030,119,3,165);
INSERT INTO OrderLine(OrderLineId,OrderId,ProductId,Quantity,TotalPrice) VALUES (49,5030,120,4,216);
INSERT INTO OrderLine(OrderLineId,OrderId,ProductId,Quantity,TotalPrice) VALUES (50,5030,121,4,292);
INSERT INTO OrderLine(OrderLineId,OrderId,ProductId,Quantity,TotalPrice) VALUES (51,5032,125,5,380);
INSERT INTO OrderLine(OrderLineId,OrderId,ProductId,Quantity,TotalPrice) VALUES (52,5034,126,3,192);
INSERT INTO OrderLine(OrderLineId,OrderId,ProductId,Quantity,TotalPrice) VALUES (53,5036,127,2,146);
INSERT INTO OrderLine(OrderLineId,OrderId,ProductId,Quantity,TotalPrice) VALUES (54,5038,112,1,52);
INSERT INTO OrderLine(OrderLineId,OrderId,ProductId,Quantity,TotalPrice) VALUES (55,5038,113,4,316);
INSERT INTO OrderLine(OrderLineId,OrderId,ProductId,Quantity,TotalPrice) VALUES (56,5038,114,1,59);

SELECT * FROM OrderLine

-----------------------------------------------------------
----------------TABLE PAYMENT------------------------------
-----------------------------------------------------------
INSERT INTO Payment(PaymentId,CustomerId,OrderId,AddressId,BillingDate) VALUES (100000,3000,5000,1,'2019-07-25');
INSERT INTO Payment(PaymentId,CustomerId,OrderId,AddressId,BillingDate) VALUES (100011,3000,5002,2,'2019-06-05');
INSERT INTO Payment(PaymentId,CustomerId,OrderId,AddressId,BillingDate) VALUES (100022,3003,5004,3,'2019-10-19');
INSERT INTO Payment(PaymentId,CustomerId,OrderId,AddressId,BillingDate) VALUES (100033,3009,5006,4,'2019-07-12');
INSERT INTO Payment(PaymentId,CustomerId,OrderId,AddressId,BillingDate) VALUES (100044,3012,5008,5,'2019-06-11');
INSERT INTO Payment(PaymentId,CustomerId,OrderId,AddressId,BillingDate) VALUES (100055,3015,5010,6,'2019-05-19');
INSERT INTO Payment(PaymentId,CustomerId,OrderId,AddressId,BillingDate) VALUES (100066,3018,5012,7,'2019-06-04');
INSERT INTO Payment(PaymentId,CustomerId,OrderId,AddressId,BillingDate) VALUES (100077,3021,5014,8,'2019-05-22');
INSERT INTO Payment(PaymentId,CustomerId,OrderId,AddressId,BillingDate) VALUES (100088,3024,5016,9,'2019-06-09');
INSERT INTO Payment(PaymentId,CustomerId,OrderId,AddressId,BillingDate) VALUES (100099,3027,5018,10,'2020-03-11');
INSERT INTO Payment(PaymentId,CustomerId,OrderId,AddressId,BillingDate) VALUES (100110,3030,5020,11,'2019-10-06');
INSERT INTO Payment(PaymentId,CustomerId,OrderId,AddressId,BillingDate) VALUES (100121,3033,5022,12,'2019-12-14');
INSERT INTO Payment(PaymentId,CustomerId,OrderId,AddressId,BillingDate) VALUES (100132,3036,5024,13,'2019-07-20');
INSERT INTO Payment(PaymentId,CustomerId,OrderId,AddressId,BillingDate) VALUES (100143,3039,5026,14,'2020-01-26');
INSERT INTO Payment(PaymentId,CustomerId,OrderId,AddressId,BillingDate) VALUES (100154,3042,5028,15,'2019-11-29');
INSERT INTO Payment(PaymentId,CustomerId,OrderId,AddressId,BillingDate) VALUES (100165,3045,5030,16,'2019-04-09');
INSERT INTO Payment(PaymentId,CustomerId,OrderId,AddressId,BillingDate) VALUES (100176,3048,5032,17,'2020-01-16');
INSERT INTO Payment(PaymentId,CustomerId,OrderId,AddressId,BillingDate) VALUES (100187,3051,5034,18,'2019-12-20');
INSERT INTO Payment(PaymentId,CustomerId,OrderId,AddressId,BillingDate) VALUES (100198,3054,5036,19,'2019-10-04');
INSERT INTO Payment(PaymentId,CustomerId,OrderId,AddressId,BillingDate) VALUES (100209,3006,5038,20,'2019-12-21');

SELECT * FROM Payment
SELECT * FROM Customer

SELECT c.CustomerId, p.PaymentId, pd.PaymentDetailsId, c.FirstName,c.LastName, 
	   pd.BankName,pd.CardNumber,p.OrderId,p.BillingDate
FROM Customer c
JOIN Payment p
ON p.CustomerId = c.CustomerId
JOIN PaymentDetails pd
ON pd.PaymentId = p.PaymentId


------------------------------------------------------------------------------------------
---------------------TABLE Payment Details-----------------------------------------------
------------------------------------------------------------------------------------------

INSERT INTO PaymentDetails(PaymentDetailsId,PaymentID,CardNumber,CardHolderName,BankName,ExpMonth,ExpYear) VALUES (100,100000,'1234 1639 0408 3049','Gage','Bank of America','January',2023);
INSERT INTO PaymentDetails(PaymentDetailsId,PaymentID,CardNumber,CardHolderName,BankName,ExpMonth,ExpYear) VALUES (101,100011,'6788 1639 0408 3049','Sean','Bank of America','February',2023);
INSERT INTO PaymentDetails(PaymentDetailsId,PaymentID,CardNumber,CardHolderName,BankName,ExpMonth,ExpYear) VALUES (102,100022,'4323 1658 0912 0891','Noble','Bank of America','March',2023);
INSERT INTO PaymentDetails(PaymentDetailsId,PaymentID,CardNumber,CardHolderName,BankName,ExpMonth,ExpYear) VALUES (103,100033,'4566 1625 0217 0356','Amena','Bank of America','April',2019);
INSERT INTO PaymentDetails(PaymentDetailsId,PaymentID,CardNumber,CardHolderName,BankName,ExpMonth,ExpYear) VALUES (104,100044,'1684 5555 0813 9064','Ian','Bank of America','May',2024);
INSERT INTO PaymentDetails(PaymentDetailsId,PaymentID,CardNumber,CardHolderName,BankName,ExpMonth,ExpYear) VALUES (105,100055,'1665 6678 0924 0559','Tarik','Bank of America','June',2024);
INSERT INTO PaymentDetails(PaymentDetailsId,PaymentID,CardNumber,CardHolderName,BankName,ExpMonth,ExpYear) VALUES (106,100066,'1676 5565 1116 2137','Cain','TD Citizen Bank','July',2021);
INSERT INTO PaymentDetails(PaymentDetailsId,PaymentID,CardNumber,CardHolderName,BankName,ExpMonth,ExpYear) VALUES (107,100077,'1662 7787 0915 0413','Lydia','TD Citizen Bank','August',2019);
INSERT INTO PaymentDetails(PaymentDetailsId,PaymentID,CardNumber,CardHolderName,BankName,ExpMonth,ExpYear) VALUES (108,100088,'1681 6676 0301 6930','John','TD Citizen Bank','September',2020);
INSERT INTO PaymentDetails(PaymentDetailsId,PaymentID,CardNumber,CardHolderName,BankName,ExpMonth,ExpYear) VALUES (109,100099,'1639 8898 0922 1776','Lareina','TD Citizen Bank','October',2020);
INSERT INTO PaymentDetails(PaymentDetailsId,PaymentID,CardNumber,CardHolderName,BankName,ExpMonth,ExpYear) VALUES (110,100110,'1686 7798 0706 7033','Stuart','TD Citizen Bank','November',2020);
INSERT INTO PaymentDetails(PaymentDetailsId,PaymentID,CardNumber,CardHolderName,BankName,ExpMonth,ExpYear) VALUES (111,100121,'1633 8899 0415 3053','Jordan','TD Citizen Bank','December',2020);
INSERT INTO PaymentDetails(PaymentDetailsId,PaymentID,CardNumber,CardHolderName,BankName,ExpMonth,ExpYear) VALUES (112,100132,'1610 9909 0509 2042','Uriel','TD Citizen Bank','January',2020);
INSERT INTO PaymentDetails(PaymentDetailsId,PaymentID,CardNumber,CardHolderName,BankName,ExpMonth,ExpYear) VALUES (113,100143,'1658 9999 0810 4128','Brendan','TD Citizen Bank','February',2021);
INSERT INTO PaymentDetails(PaymentDetailsId,PaymentID,CardNumber,CardHolderName,BankName,ExpMonth,ExpYear) VALUES (114,100154,'1624 3343 0513 6694','Theodore','Santander Bank','March',2020);
INSERT INTO PaymentDetails(PaymentDetailsId,PaymentID,CardNumber,CardHolderName,BankName,ExpMonth,ExpYear) VALUES (115,100165,'1680 5566 1212 4973','Seth','Santander Bank','April',2020);
INSERT INTO PaymentDetails(PaymentDetailsId,PaymentID,CardNumber,CardHolderName,BankName,ExpMonth,ExpYear) VALUES (116,100176,'1665 2232 0823 3035','Judah','Santander Bank','May',2021);
INSERT INTO PaymentDetails(PaymentDetailsId,PaymentID,CardNumber,CardHolderName,BankName,ExpMonth,ExpYear) VALUES (117,100187,'1602 4343 0708 2801','Amethyst','Santander Bank','June',2024);
INSERT INTO PaymentDetails(PaymentDetailsId,PaymentID,CardNumber,CardHolderName,BankName,ExpMonth,ExpYear) VALUES (118,100198,'1669 1121 1203 0225','Hunter','Santander Bank','July',2020);
INSERT INTO PaymentDetails(PaymentDetailsId,PaymentID,CardNumber,CardHolderName,BankName,ExpMonth,ExpYear) VALUES (119,100209,'1603 4343 0708 2801','Judah','TD Citizen Bank','August',2020);

SELECT * FROM PaymentDetails

----------------------------------------------------------------
--------------TABLE SUPPLIER------------------------------------
----------------------------------------------------------------
INSERT INTO Supplier(SupplierId,AddressId,CompanyName,PhoneNumber,Email) VALUES (55555,111,'Klein LLC','826-704-4011','hrunnalls0@noaa.gov');
INSERT INTO Supplier(SupplierId,AddressId,CompanyName,PhoneNumber,Email) VALUES (55561,112,'Legros, Dicki and Homenick','376-295-9419','rhatherley1@tinyurl.com');
INSERT INTO Supplier(SupplierId,AddressId,CompanyName,PhoneNumber,Email) VALUES (55567,113,'Senger-Hansen','971-172-5245','todgers2@soundcloud.com');
INSERT INTO Supplier(SupplierId,AddressId,CompanyName,PhoneNumber,Email) VALUES (55573,114,'Towne-Boehm','390-991-7279','abradley3@time.com');
INSERT INTO Supplier(SupplierId,AddressId,CompanyName,PhoneNumber,Email) VALUES (55579,115,'Wolf, Dach and Becker','606-333-8373','gabate4@shinystat.com');
INSERT INTO Supplier(SupplierId,AddressId,CompanyName,PhoneNumber,Email) VALUES (55585,116,'Bailey Inc','975-414-6842','vjollye5@sfgate.com');
INSERT INTO Supplier(SupplierId,AddressId,CompanyName,PhoneNumber,Email) VALUES (55591,117,'Hagenes-Grady','965-115-1810','hsotheby6@tinypic.com');
INSERT INTO Supplier(SupplierId,AddressId,CompanyName,PhoneNumber,Email) VALUES (55597,118,'Howe-Kertzmann','250-435-5865','mbolton7@cnet.com');
INSERT INTO Supplier(SupplierId,AddressId,CompanyName,PhoneNumber,Email) VALUES (55603,119,'Johns LLC','955-205-4934','ncrudgington8@princeton.edu');
INSERT INTO Supplier(SupplierId,AddressId,CompanyName,PhoneNumber,Email) VALUES (55609,120,'Kreiger, Grady and Crist','369-928-2006','dbrophy9@opera.com');
INSERT INTO Supplier(SupplierId,AddressId,CompanyName,PhoneNumber,Email) VALUES (55615,121,'Lueilwitz-Jast','518-790-7412','aeastama@bloglovin.com');
INSERT INTO Supplier(SupplierId,AddressId,CompanyName,PhoneNumber,Email) VALUES (55621,122,'Ritchie, Johnston and Rogahn','292-690-4854','dstillgoeb@wordpress.com');
INSERT INTO Supplier(SupplierId,AddressId,CompanyName,PhoneNumber,Email) VALUES (55627,123,'Rau-Kuhn','277-263-3703','tgommeryc@posterous.com');
INSERT INTO Supplier(SupplierId,AddressId,CompanyName,PhoneNumber,Email) VALUES (55633,124,'Hermiston and Sons','240-842-7635','kdowd@com.com');
INSERT INTO Supplier(SupplierId,AddressId,CompanyName,PhoneNumber,Email) VALUES (55639,125,'Schneider and Sons','449-859-4066','jlammine@auda.org.au');
INSERT INTO Supplier(SupplierId,AddressId,CompanyName,PhoneNumber,Email) VALUES (55645,126,'Mayert-Dicki','985-808-7003','abowtonf@dot.gov');
INSERT INTO Supplier(SupplierId,AddressId,CompanyName,PhoneNumber,Email) VALUES (55651,127,'Schultz Inc','231-803-8850','kwarretg@gmpg.org');
INSERT INTO Supplier(SupplierId,AddressId,CompanyName,PhoneNumber,Email) VALUES (55657,128,'Gislason-Osinski','768-145-7584','predbornh@ning.com');
INSERT INTO Supplier(SupplierId,AddressId,CompanyName,PhoneNumber,Email) VALUES (55663,129,'Muller-Grimes','967-126-4563','jborretti@kickstarter.com');
INSERT INTO Supplier(SupplierId,AddressId,CompanyName,PhoneNumber,Email) VALUES (55669,130,'Prohaska-Herzog','822-637-5879','esimmenj@webnode.com');

SELECT * FROM Supplier

---------------------------------------------------------------------------------------
-------------------SupplierContact----------------------------------------------------
---------------------------------------------------------------------------------------

INSERT INTO SupplierContact(SupplierContactId,SupplierId,ContactFName,ContactLName,PhoneNumber,Email,DOB,Gender) VALUES (9876,55555,'Shelley','Lates','222-542-4405','slates0@sourceforge.net','1977-04-10','Male');
INSERT INTO SupplierContact(SupplierContactId,SupplierId,ContactFName,ContactLName,PhoneNumber,Email,DOB,Gender) VALUES (9882,55561,'Claiborn','Manuelli','650-798-3779','cmanuelli1@prlog.org','1976-02-03','Male');
INSERT INTO SupplierContact(SupplierContactId,SupplierId,ContactFName,ContactLName,PhoneNumber,Email,DOB,Gender) VALUES (9888,55567,'Laney','Cordsen','984-440-0225','lcordsen2@livejournal.com','1979-12-16','Female');
INSERT INTO SupplierContact(SupplierContactId,SupplierId,ContactFName,ContactLName,PhoneNumber,Email,DOB,Gender) VALUES (9894,55573,'Shannon','Hampshire','580-372-6843','shampshire3@arstechnica.com','1985-02-07','Male');
INSERT INTO SupplierContact(SupplierContactId,SupplierId,ContactFName,ContactLName,PhoneNumber,Email,DOB,Gender) VALUES (9900,55579,'Raye','Corrigan','813-442-1460','rcorrigan4@accuweather.com','1973-12-25','Female');
INSERT INTO SupplierContact(SupplierContactId,SupplierId,ContactFName,ContactLName,PhoneNumber,Email,DOB,Gender) VALUES (9906,55585,'Deck','Verheyden','454-353-3725','dverheyden5@symantec.com','1974-12-18','Male');
INSERT INTO SupplierContact(SupplierContactId,SupplierId,ContactFName,ContactLName,PhoneNumber,Email,DOB,Gender) VALUES (9912,55591,'Babbette','Lehrmann','125-564-5427','blehrmann6@hatena.ne.jp','1983-05-24','Female');
INSERT INTO SupplierContact(SupplierContactId,SupplierId,ContactFName,ContactLName,PhoneNumber,Email,DOB,Gender) VALUES (9918,55597,'Lissy','Tippler','141-697-4972','ltippler7@omniture.com','1986-10-08','Female');
INSERT INTO SupplierContact(SupplierContactId,SupplierId,ContactFName,ContactLName,PhoneNumber,Email,DOB,Gender) VALUES (9924,55603,'Beck','Crimpe','256-986-8473','bcrimpe8@tinyurl.com','1980-09-29','Male');
INSERT INTO SupplierContact(SupplierContactId,SupplierId,ContactFName,ContactLName,PhoneNumber,Email,DOB,Gender) VALUES (9930,55609,'Jerri','Gazey','421-210-1831','jgazey9@geocities.com','1986-01-30','Male');
INSERT INTO SupplierContact(SupplierContactId,SupplierId,ContactFName,ContactLName,PhoneNumber,Email,DOB,Gender) VALUES (9936,55615,'Terrill','Lancley','631-991-4316','tlancleya@cbc.ca','1974-10-28','Male');
INSERT INTO SupplierContact(SupplierContactId,SupplierId,ContactFName,ContactLName,PhoneNumber,Email,DOB,Gender) VALUES (9942,55621,'Pru','Van Arsdall','204-758-2040','pvanarsdallb@eepurl.com','1977-12-25','Female');
INSERT INTO SupplierContact(SupplierContactId,SupplierId,ContactFName,ContactLName,PhoneNumber,Email,DOB,Gender) VALUES (9948,55627,'Colet','Cayser','643-206-2980','ccayserc@posterous.com','1984-04-25','Male');
INSERT INTO SupplierContact(SupplierContactId,SupplierId,ContactFName,ContactLName,PhoneNumber,Email,DOB,Gender) VALUES (9954,55633,'Annamarie','Kennan','688-339-5444','akennand@wiley.com','1973-01-06','Female');
INSERT INTO SupplierContact(SupplierContactId,SupplierId,ContactFName,ContactLName,PhoneNumber,Email,DOB,Gender) VALUES (9960,55639,'Lief','Michael','848-156-3796','lmichaele@businessweek.com','1977-11-13','Male');
INSERT INTO SupplierContact(SupplierContactId,SupplierId,ContactFName,ContactLName,PhoneNumber,Email,DOB,Gender) VALUES (9966,55645,'Gerardo','Patriskson','692-191-1411','gpatrisksonf@fotki.com','1988-04-14','Male');
INSERT INTO SupplierContact(SupplierContactId,SupplierId,ContactFName,ContactLName,PhoneNumber,Email,DOB,Gender) VALUES (9972,55651,'Monah','Duberry','734-284-7508','mduberryg@army.mil','1971-01-02','Female');
INSERT INTO SupplierContact(SupplierContactId,SupplierId,ContactFName,ContactLName,PhoneNumber,Email,DOB,Gender) VALUES (9978,55657,'Hans','Bee','356-365-9271','hbeeh@t-online.de','1982-05-22','Male');
INSERT INTO SupplierContact(SupplierContactId,SupplierId,ContactFName,ContactLName,PhoneNumber,Email,DOB,Gender) VALUES (9984,55663,'Ronnica','Duthie','941-620-2346','rduthiei@oaic.gov.au','1988-10-04','Female');
INSERT INTO SupplierContact(SupplierContactId,SupplierId,ContactFName,ContactLName,PhoneNumber,Email,DOB,Gender) VALUES (9990,55669,'Aili','Androlli','619-187-2469','aandrollij@paginegialle.it','1982-09-03','Female');

SELECT * FROM SupplierContact

---------------------------------------------------------------------------
--------------------------TABLE Supply-------------------------------------
---------------------------------------------------------------------------

INSERT INTO Supply(ProductId,SupplierContactId,Quantity,SupplyDate) VALUES (111,9876,10,'2019-03-10');
INSERT INTO Supply(ProductId,SupplierContactId,Quantity,SupplyDate) VALUES (112,9882,11,'2019-03-23');
INSERT INTO Supply(ProductId,SupplierContactId,Quantity,SupplyDate) VALUES (113,9888,14,'2019-06-06');
INSERT INTO Supply(ProductId,SupplierContactId,Quantity,SupplyDate) VALUES (114,9894,10,'2019-03-10');
INSERT INTO Supply(ProductId,SupplierContactId,Quantity,SupplyDate) VALUES (115,9900,10,'2019-03-23');
INSERT INTO Supply(ProductId,SupplierContactId,Quantity,SupplyDate) VALUES (116,9906,11,'2019-06-06');
INSERT INTO Supply(ProductId,SupplierContactId,Quantity,SupplyDate) VALUES (117,9912,14,'2019-03-10');
INSERT INTO Supply(ProductId,SupplierContactId,Quantity,SupplyDate) VALUES (118,9918,10,'2019-03-23');
INSERT INTO Supply(ProductId,SupplierContactId,Quantity,SupplyDate) VALUES (119,9924,10,'2019-06-06');
INSERT INTO Supply(ProductId,SupplierContactId,Quantity,SupplyDate) VALUES (120,9930,11,'2019-03-10');
INSERT INTO Supply(ProductId,SupplierContactId,Quantity,SupplyDate) VALUES (121,9936,14,'2019-03-23');
INSERT INTO Supply(ProductId,SupplierContactId,Quantity,SupplyDate) VALUES (122,9942,10,'2019-06-06');
INSERT INTO Supply(ProductId,SupplierContactId,Quantity,SupplyDate) VALUES (123,9948,10,'2019-03-10');
INSERT INTO Supply(ProductId,SupplierContactId,Quantity,SupplyDate) VALUES (124,9954,11,'2019-03-23');
INSERT INTO Supply(ProductId,SupplierContactId,Quantity,SupplyDate) VALUES (125,9960,14,'2019-06-06');
INSERT INTO Supply(ProductId,SupplierContactId,Quantity,SupplyDate) VALUES (126,9966,10,'2019-03-10');
INSERT INTO Supply(ProductId,SupplierContactId,Quantity,SupplyDate) VALUES (127,9972,10,'2019-03-23');
INSERT INTO Supply(ProductId,SupplierContactId,Quantity,SupplyDate) VALUES (128,9978,11,'2019-06-06');
INSERT INTO Supply(ProductId,SupplierContactId,Quantity,SupplyDate) VALUES (129,9984,14,'2019-03-10');
INSERT INTO Supply(ProductId,SupplierContactId,Quantity,SupplyDate) VALUES (130,9990,10,'2019-03-23');
INSERT INTO Supply(ProductId,SupplierContactId,Quantity,SupplyDate) VALUES (131,9996,10,'2019-03-10');
INSERT INTO Supply(ProductId,SupplierContactId,Quantity,SupplyDate) VALUES (132,10002,11,'2019-03-23');
INSERT INTO Supply(ProductId,SupplierContactId,Quantity,SupplyDate) VALUES (133,10008,14,'2019-06-06');
INSERT INTO Supply(ProductId,SupplierContactId,Quantity,SupplyDate) VALUES (134,10014,10,'2019-03-10');
INSERT INTO Supply(ProductId,SupplierContactId,Quantity,SupplyDate) VALUES (111,9912,14,'2019-04-10');
INSERT INTO Supply(ProductId,SupplierContactId,Quantity,SupplyDate) VALUES (112,9918,10,'2019-05-23');
INSERT INTO Supply(ProductId,SupplierContactId,Quantity,SupplyDate) VALUES (113,9924,10,'2019-07-06');
INSERT INTO Supply(ProductId,SupplierContactId,Quantity,SupplyDate) VALUES (114,9930,11,'2019-07-10');
INSERT INTO Supply(ProductId,SupplierContactId,Quantity,SupplyDate) VALUES (115,9936,14,'2019-04-10');
INSERT INTO Supply(ProductId,SupplierContactId,Quantity,SupplyDate) VALUES (116,9942,10,'2019-05-23');
INSERT INTO Supply(ProductId,SupplierContactId,Quantity,SupplyDate) VALUES (126,9876,10,'2019-07-06');
INSERT INTO Supply(ProductId,SupplierContactId,Quantity,SupplyDate) VALUES (127,9882,11,'2019-07-10');
INSERT INTO Supply(ProductId,SupplierContactId,Quantity,SupplyDate) VALUES (128,9888,11,'2019-05-23');
INSERT INTO Supply(ProductId,SupplierContactId,Quantity,SupplyDate) VALUES (129,9894,14,'2019-07-06');
INSERT INTO Supply(ProductId,SupplierContactId,Quantity,SupplyDate) VALUES (130,9900,10,'2019-07-10');

SELECT * FROM Supply;

SELECT * FROM Address;

---------------------------------------------------------------
--------------TABLE CustomerHasAddress-------------------------
----------------------------------------------------------------
INSERT INTO CustomerHasAddress(CustomerId,AddressId) VALUES (3000,200);
INSERT INTO CustomerHasAddress(CustomerId,AddressId) VALUES (3003,201);
INSERT INTO CustomerHasAddress(CustomerId,AddressId) VALUES (3006,202);
INSERT INTO CustomerHasAddress(CustomerId,AddressId) VALUES (3009,203);
INSERT INTO CustomerHasAddress(CustomerId,AddressId) VALUES (3012,204);
INSERT INTO CustomerHasAddress(CustomerId,AddressId) VALUES (3015,205);
INSERT INTO CustomerHasAddress(CustomerId,AddressId) VALUES (3018,206);
INSERT INTO CustomerHasAddress(CustomerId,AddressId) VALUES (3021,207);
INSERT INTO CustomerHasAddress(CustomerId,AddressId) VALUES (3024,208);
INSERT INTO CustomerHasAddress(CustomerId,AddressId) VALUES (3027,209);
INSERT INTO CustomerHasAddress(CustomerId,AddressId) VALUES (3030,210);
INSERT INTO CustomerHasAddress(CustomerId,AddressId) VALUES (3033,211);
INSERT INTO CustomerHasAddress(CustomerId,AddressId) VALUES (3036,212);
INSERT INTO CustomerHasAddress(CustomerId,AddressId) VALUES (3039,213);
INSERT INTO CustomerHasAddress(CustomerId,AddressId) VALUES (3042,214);
INSERT INTO CustomerHasAddress(CustomerId,AddressId) VALUES (3045,215);
INSERT INTO CustomerHasAddress(CustomerId,AddressId) VALUES (3048,216);
INSERT INTO CustomerHasAddress(CustomerId,AddressId) VALUES (3051,217);
INSERT INTO CustomerHasAddress(CustomerId,AddressId) VALUES (3054,218);
INSERT INTO CustomerHasAddress(CustomerId,AddressId) VALUES (3057,219);
INSERT INTO CustomerHasAddress(CustomerId,AddressId) VALUES (3060,220);
INSERT INTO CustomerHasAddress(CustomerId,AddressId) VALUES (3063,221);
INSERT INTO CustomerHasAddress(CustomerId,AddressId) VALUES (3066,222);
INSERT INTO CustomerHasAddress(CustomerId,AddressId) VALUES (3069,223);
INSERT INTO CustomerHasAddress(CustomerId,AddressId) VALUES (3072,224);
INSERT INTO CustomerHasAddress(CustomerId,AddressId) VALUES (3075,225);
INSERT INTO CustomerHasAddress(CustomerId,AddressId) VALUES (3078,226);
INSERT INTO CustomerHasAddress(CustomerId,AddressId) VALUES (3081,227);
INSERT INTO CustomerHasAddress(CustomerId,AddressId) VALUES (3084,228);
INSERT INTO CustomerHasAddress(CustomerId,AddressId) VALUES (3087,229);
INSERT INTO CustomerHasAddress(CustomerId,AddressId) VALUES (3090,230);
INSERT INTO CustomerHasAddress(CustomerId,AddressId) VALUES (3093,231);
INSERT INTO CustomerHasAddress(CustomerId,AddressId) VALUES (3096,232);
INSERT INTO CustomerHasAddress(CustomerId,AddressId) VALUES (3099,233);
INSERT INTO CustomerHasAddress(CustomerId,AddressId) VALUES (3102,234);
INSERT INTO CustomerHasAddress(CustomerId,AddressId) VALUES (3105,235);
INSERT INTO CustomerHasAddress(CustomerId,AddressId) VALUES (3108,236);
INSERT INTO CustomerHasAddress(CustomerId,AddressId) VALUES (3111,237);
INSERT INTO CustomerHasAddress(CustomerId,AddressId) VALUES (3114,238);
INSERT INTO CustomerHasAddress(CustomerId,AddressId) VALUES (3117,239);
INSERT INTO CustomerHasAddress(CustomerId,AddressId) VALUES (3120,240);
INSERT INTO CustomerHasAddress(CustomerId,AddressId) VALUES (3123,241);
INSERT INTO CustomerHasAddress(CustomerId,AddressId) VALUES (3126,242);
INSERT INTO CustomerHasAddress(CustomerId,AddressId) VALUES (3129,243);
INSERT INTO CustomerHasAddress(CustomerId,AddressId) VALUES (3132,244);
INSERT INTO CustomerHasAddress(CustomerId,AddressId) VALUES (3135,245);
INSERT INTO CustomerHasAddress(CustomerId,AddressId) VALUES (3138,246);
INSERT INTO CustomerHasAddress(CustomerId,AddressId) VALUES (3141,247);
INSERT INTO CustomerHasAddress(CustomerId,AddressId) VALUES (3144,248);
INSERT INTO CustomerHasAddress(CustomerId,AddressId) VALUES (3147,249);
INSERT INTO CustomerHasAddress(CustomerId,AddressId) VALUES (3150,250);
INSERT INTO CustomerHasAddress(CustomerId,AddressId) VALUES (3153,251);
INSERT INTO CustomerHasAddress(CustomerId,AddressId) VALUES (3156,252);
INSERT INTO CustomerHasAddress(CustomerId,AddressId) VALUES (3159,253);
INSERT INTO CustomerHasAddress(CustomerId,AddressId) VALUES (3162,254);
INSERT INTO CustomerHasAddress(CustomerId,AddressId) VALUES (3165,255);
INSERT INTO CustomerHasAddress(CustomerId,AddressId) VALUES (3168,256);
INSERT INTO CustomerHasAddress(CustomerId,AddressId) VALUES (3171,257);
INSERT INTO CustomerHasAddress(CustomerId,AddressId) VALUES (3174,258);
INSERT INTO CustomerHasAddress(CustomerId,AddressId) VALUES (3177,259);
INSERT INTO CustomerHasAddress(CustomerId,AddressId) VALUES (3180,260);
INSERT INTO CustomerHasAddress(CustomerId,AddressId) VALUES (3183,261);
INSERT INTO CustomerHasAddress(CustomerId,AddressId) VALUES (3186,262);
INSERT INTO CustomerHasAddress(CustomerId,AddressId) VALUES (3189,263);
INSERT INTO CustomerHasAddress(CustomerId,AddressId) VALUES (3192,264);
INSERT INTO CustomerHasAddress(CustomerId,AddressId) VALUES (3195,265);
INSERT INTO CustomerHasAddress(CustomerId,AddressId) VALUES (3198,266);
INSERT INTO CustomerHasAddress(CustomerId,AddressId) VALUES (3201,267);
INSERT INTO CustomerHasAddress(CustomerId,AddressId) VALUES (3204,268);
INSERT INTO CustomerHasAddress(CustomerId,AddressId) VALUES (3207,269);
INSERT INTO CustomerHasAddress(CustomerId,AddressId) VALUES (3210,270);
INSERT INTO CustomerHasAddress(CustomerId,AddressId) VALUES (3213,271);
INSERT INTO CustomerHasAddress(CustomerId,AddressId) VALUES (3216,272);
INSERT INTO CustomerHasAddress(CustomerId,AddressId) VALUES (3219,273);
INSERT INTO CustomerHasAddress(CustomerId,AddressId) VALUES (3222,274);
INSERT INTO CustomerHasAddress(CustomerId,AddressId) VALUES (3225,275);
INSERT INTO CustomerHasAddress(CustomerId,AddressId) VALUES (3228,276);
INSERT INTO CustomerHasAddress(CustomerId,AddressId) VALUES (3231,277);
INSERT INTO CustomerHasAddress(CustomerId,AddressId) VALUES (3234,278);
INSERT INTO CustomerHasAddress(CustomerId,AddressId) VALUES (3237,279);
INSERT INTO CustomerHasAddress(CustomerId,AddressId) VALUES (3240,280);
INSERT INTO CustomerHasAddress(CustomerId,AddressId) VALUES (3243,281);
INSERT INTO CustomerHasAddress(CustomerId,AddressId) VALUES (3246,282);
INSERT INTO CustomerHasAddress(CustomerId,AddressId) VALUES (3249,283);
INSERT INTO CustomerHasAddress(CustomerId,AddressId) VALUES (3252,284);
INSERT INTO CustomerHasAddress(CustomerId,AddressId) VALUES (3255,285);
INSERT INTO CustomerHasAddress(CustomerId,AddressId) VALUES (3258,286);
INSERT INTO CustomerHasAddress(CustomerId,AddressId) VALUES (3261,287);
INSERT INTO CustomerHasAddress(CustomerId,AddressId) VALUES (3264,288);
INSERT INTO CustomerHasAddress(CustomerId,AddressId) VALUES (3267,289);
INSERT INTO CustomerHasAddress(CustomerId,AddressId) VALUES (3270,290);
INSERT INTO CustomerHasAddress(CustomerId,AddressId) VALUES (3273,291);
INSERT INTO CustomerHasAddress(CustomerId,AddressId) VALUES (3276,292);
INSERT INTO CustomerHasAddress(CustomerId,AddressId) VALUES (3279,293);
INSERT INTO CustomerHasAddress(CustomerId,AddressId) VALUES (3282,294);
INSERT INTO CustomerHasAddress(CustomerId,AddressId) VALUES (3285,295);
INSERT INTO CustomerHasAddress(CustomerId,AddressId) VALUES (3288,296);
INSERT INTO CustomerHasAddress(CustomerId,AddressId) VALUES (3291,297);
INSERT INTO CustomerHasAddress(CustomerId,AddressId) VALUES (3294,298);
INSERT INTO CustomerHasAddress(CustomerId,AddressId) VALUES (3297,299);
INSERT INTO CustomerHasAddress(CustomerId,AddressId) VALUES (3300,300);

SELECT * FROM CustomerHasAddress

SELECT c.CustomerId, a.AddressID, c.FirstName, c.LastName, c.Gender, a.City, a.State
FROM Customer c
JOIN CustomerHasAddress ca 
ON c.CustomerId = ca.CustomerId
JOIN Address a
ON a.AddressID = ca.AddressId
WHERE c.Gender = 'Male'


SELECT * FROM Address

SELECT * FROM Supplier

------------------------------------------------------------------------------
--------TABLE SupplierContactHasAddress---------------------------------------
------------------------------------------------------------------------------
INSERT INTO SupplierContactHasAddress(SupplierContactId,AddressId) VALUES (9876,131);
INSERT INTO SupplierContactHasAddress(SupplierContactId,AddressId) VALUES (9882,132);
INSERT INTO SupplierContactHasAddress(SupplierContactId,AddressId) VALUES (9888,133);
INSERT INTO SupplierContactHasAddress(SupplierContactId,AddressId) VALUES (9894,134);
INSERT INTO SupplierContactHasAddress(SupplierContactId,AddressId) VALUES (9900,135);
INSERT INTO SupplierContactHasAddress(SupplierContactId,AddressId) VALUES (9906,136);
INSERT INTO SupplierContactHasAddress(SupplierContactId,AddressId) VALUES (9912,137);
INSERT INTO SupplierContactHasAddress(SupplierContactId,AddressId) VALUES (9918,138);
INSERT INTO SupplierContactHasAddress(SupplierContactId,AddressId) VALUES (9924,139);
INSERT INTO SupplierContactHasAddress(SupplierContactId,AddressId) VALUES (9930,140);
INSERT INTO SupplierContactHasAddress(SupplierContactId,AddressId) VALUES (9936,141);
INSERT INTO SupplierContactHasAddress(SupplierContactId,AddressId) VALUES (9942,142);
INSERT INTO SupplierContactHasAddress(SupplierContactId,AddressId) VALUES (9948,143);
INSERT INTO SupplierContactHasAddress(SupplierContactId,AddressId) VALUES (9954,144);
INSERT INTO SupplierContactHasAddress(SupplierContactId,AddressId) VALUES (9960,145);
INSERT INTO SupplierContactHasAddress(SupplierContactId,AddressId) VALUES (9966,146);
INSERT INTO SupplierContactHasAddress(SupplierContactId,AddressId) VALUES (9972,147);
INSERT INTO SupplierContactHasAddress(SupplierContactId,AddressId) VALUES (9978,148);
INSERT INTO SupplierContactHasAddress(SupplierContactId,AddressId) VALUES (9984,149);
INSERT INTO SupplierContactHasAddress(SupplierContactId,AddressId) VALUES (9990,150);

SELECT * FROM SupplierContactHasAddress

SELECT s.ContactFName, a.AddressID, a.City,a.State, s.Email, s.Gender, a.Country
FROM SupplierContact s
JOIN SupplierContactHasAddress sa
ON sa.SupplierContactId = s.SupplierContactId
JOIN Address a
ON a.AddressID = sa.AddressId

USE e_commerce_database

SELECT c.CustomerId, c.FirstName,c.LastName, o.Amount, o.OrderId
FROM Customer c
JOIN Orders o
ON o.CustomerId = c.CustomerId
GROUP BY o.Amount
HAVING o.Amount = max(o.Amount)

SELECT top 5 sum(Amount), c.FirstName, c.LastName
FROM Orders o
INNER JOIN Customer c
ON c.CustomerId = o.CustomerId
GROUP BY c.FirstName, c.LastName
ORDER BY sum(o.Amount) DESC

Select * FROM Customer

Select c.CustomerId, DISTINCT c.FirstName
FROM Customer c

INSERT INTO Customer VALUES (3666,'Rohan','Yewale');
